2021-05-07 14:01:17,b'ItsDebasishSaha',"b""Keypad Phone + 2gb memory card + Honey Singh Songs = That's my childhood \xe2\x9d\xa4\xef\xb8\x8f\n@asliyoyo \n\n#HoneySingh #YoYoHoneySingh\xe2\x80\xa6 https://t.co/KVDnvkYQel"""
2021-05-07 13:45:09,b'slippad741',b'@NutDefi \n\nAnime World has teamed up with the NUT team to create digital badges for Anime fans. Anime World demonst\xe2\x80\xa6 https://t.co/90jKDK5DXl'
2021-05-07 13:39:07,b'HumanRe41270855',b'RT @Emoshade_Wolf: @Its_Badshah @asliyoyo\nPaaji check krna \xf0\x9f\x98\x82\nHow to use your first song \n#FunFriday #WFH #wfo #Corporate\n#rapper #vol1 #hr\xe2\x80\xa6'
2021-05-07 13:38:19,b'Emoshade_Wolf',b'@Its_Badshah @asliyoyo\nPaaji check krna \xf0\x9f\x98\x82\nHow to use your first song \n#FunFriday #WFH #wfo #Corporate\n#rapper #vol1\xe2\x80\xa6 https://t.co/RHe4EstiVF'
2021-05-07 12:45:54,b'aimamedialive_1',b'@asliyoyo Nice look...#actor https://t.co/deik3CU42U'
2021-05-07 12:05:57,b'MathswaleGuruji',b'@Analyst_Yesha @asliyoyo @GuruOfficial @TSeries Superb \xf0\x9f\x91\x8c'
2021-05-07 11:34:48,b'iwmbuzz',b'@raftaarmusic Vs @Its_Badshah Vs @asliyoyo Honey Singh: Which Indian Rapper Earns The Most? Click Here To Find Out\xe2\x80\xa6 https://t.co/Zt45D0S4fQ'
2021-05-07 10:39:59,b'sameer_khan__',b'RT @SohanHashmi2: The Powerful Dialougue Of @emraanhashmi \xf0\x9f\x94\xa5\xf0\x9f\x96\xa4 He Nailed The Deadly Cop Role In #MumbaiSaga!\n\n@TheJohnAbraham @GulshanGroverG\xe2\x80\xa6'
2021-05-07 10:38:08,b'bbcasiannetwork',"b""Get your weekend started right with the latest bangin' #LoveFridayMix from @BupsSaggu \n\xf0\x9f\x94\x8a Turn it up for\n\xe2\x9a\xa1\xef\xb8\x8f\xe2\x80\xa6 https://t.co/nLWGWyWlsG"""
2021-05-07 10:32:39,b'Neetu20932043',b'RT @AzadPar83561128: #GodMorningThursday\n\nProphecy of Jean Dixon (woman astrologer from America) about Saint Rampal Ji Maharaj\nA new civili\xe2\x80\xa6'
2021-05-07 10:05:19,b'SohanHashmi2',b'The Powerful Dialougue Of @emraanhashmi \xf0\x9f\x94\xa5\xf0\x9f\x96\xa4 He Nailed The Deadly Cop Role In #MumbaiSaga!\n\n@TheJohnAbraham\xe2\x80\xa6 https://t.co/FMUqtMOghw'
2021-05-07 09:58:09,b'AkshayR43141766',b'RT @DishantMalik13: Graphic era imposing fine on students is no less than people storing oxygen\n#graphicerafeeskamkaro\n#graphicerafeeskamka\xe2\x80\xa6'
2021-05-07 08:20:55,b'4inBeatz',b'RT @Hunterzmusic: Shout out to the brother @asliyoyo for sharing the trailer to my new single on Insta stories \xf0\x9f\x92\xa5\xf0\x9f\x91\x8a\xf0\x9f\x8f\xbc\n\nHunterz - Tera Dil Muje\xe2\x80\xa6'
2021-05-07 08:10:25,b'himsri82',b'@IndianEmbTokyo @JapaninIndia @DrSJaishankar @PMOIndia @asliyoyo @iAmNehaKakkar \nhttps://t.co/oDs4Mzuwer\xe2\x80\xa6 https://t.co/F4WsDZcN4G'
2021-05-07 07:49:26,b'londonincmedia',b'RT @Hunterzmusic: Shout out to the brother @asliyoyo for sharing the trailer to my new single on Insta stories \xf0\x9f\x92\xa5\xf0\x9f\x91\x8a\xf0\x9f\x8f\xbc\n\nHunterz - Tera Dil Muje\xe2\x80\xa6'
2021-05-07 07:48:54,b'Hunterzmusic',b'Shout out to the brother @asliyoyo for sharing the trailer to my new single on Insta stories \xf0\x9f\x92\xa5\xf0\x9f\x91\x8a\xf0\x9f\x8f\xbc\n\nHunterz - Tera Di\xe2\x80\xa6 https://t.co/Orl1jLyGDj'
2021-05-07 07:25:46,b'Harishdass11',b'RT @AzadPar83561128: #GodMorningThursday\n\nProphecy of Jean Dixon (woman astrologer from America) about Saint Rampal Ji Maharaj\nA new civili\xe2\x80\xa6'
2021-05-07 06:48:12,b'JanmejayaJm',b'@DuleRocker @VishalDadlani @The_AnuMalik @raftaarmusic @VivianDivine @NaezyTheBaA @Its_Badshah @MANJmusik @asliyoyo\xe2\x80\xa6 https://t.co/EkNiIT7N1J'
2021-05-07 05:42:30,b'auniversehiphop',"b'""Top5 Indian Rapper And Their Instagram List""\xf0\x9f\x94\xa5\n@iambohemia @emiwaytweets @raftaarmusic @Its_Badshah @asliyoyo\xe2\x80\xa6 https://t.co/dfTDIOLKa6'"
2021-05-07 04:56:11,b'Ishan_Kejriwal',b'@rahulverma08 @NeemKaroliBaba1 @arunbothra @asliyoyo @RandeepHooda @vishalgondal @RahulDevRising @NamitaGokhale_\xe2\x80\xa6 https://t.co/jMwCbO4JFI'
2021-05-07 03:59:36,b'AdityaS_Indian',b'@showwhatyoudoin @asliyoyo Volume 1 \xf0\x9f\x91\x8d all time favt'
2021-05-07 03:45:57,b'Sonukum50971402',b'RT @GuruOfficial: First time ever @asliyoyo and @GuruOfficial coming for a song together \xf0\x9f\x92\xa5\nMake some Extra noise \xf0\x9f\x92\xa5 https://t.co/xie8DewHBb'
2021-05-07 00:42:46,b'Rajeshk51289121',b'RT @AzadPar83561128: #GodMorningThursday\n\nProphecy of Jean Dixon (woman astrologer from America) about Saint Rampal Ji Maharaj\nA new civili\xe2\x80\xa6'
2021-05-06 22:39:06,b'Utkarsh69840563',b'@kailash_kabeer @rahulverma08 @SuhasBhagatBJP @NeemKaroliBaba1 @arunbothra @asliyoyo @RandeepHooda @vishalgondal\xe2\x80\xa6 https://t.co/3w0wMxL8Zp'
2021-05-06 19:08:16,b'y2jbaybay',"b""Once upon a time...\n\nBarber : Kon sa haircut ?\nBoy's : @asliyoyo wala !\n\nThose Days \xf0\x9f\x98\x8d"""
2021-05-06 18:52:00,b'Raj78845985',b'RT @DishantMalik13: Graphic era imposing fine on students is no less than people storing oxygen\n#graphicerafeeskamkaro\n#graphicerafeeskamka\xe2\x80\xa6'
2021-05-06 18:35:40,b'trishu2424',b'@rahulverma08 @NeemKaroliBaba1 @arunbothra @asliyoyo @RandeepHooda @vishalgondal @RahulDevRising @NamitaGokhale_\xe2\x80\xa6 https://t.co/oz9W8ebUFx'
2021-05-06 18:14:42,b'DassiRishu',b'RT @AzadPar83561128: #GodMorningThursday\n\nProphecy of Jean Dixon (woman astrologer from America) about Saint Rampal Ji Maharaj\nA new civili\xe2\x80\xa6'
2021-05-06 17:17:16,b'BhamlaObaid',b'RT @mohit11481: @Asifbhamlaa @bhamlafoundatio @TandonRaveena @bhumipednekar @RandeepHooda @asliyoyo @Dev_Fadnavis @Shehzad_Ind @alifazal9 @\xe2\x80\xa6'
2021-05-06 16:58:14,b'SajalSxn1212',b'RT @AzadPar83561128: #GodMorningThursday\n\nProphecy of Jean Dixon (woman astrologer from America) about Saint Rampal Ji Maharaj\nA new civili\xe2\x80\xa6'
2021-05-06 16:33:25,b'Mk2TEe0mYiGX5f3',b'RT @AzadPar83561128: #GodMorningThursday\n\nProphecy of Jean Dixon (woman astrologer from America) about Saint Rampal Ji Maharaj\nA new civili\xe2\x80\xa6'
2021-05-06 16:29:42,b'SSBOOKSHOP3',b'RT @AzadPar83561128: #GodMorningThursday\n\nProphecy of Jean Dixon (woman astrologer from America) about Saint Rampal Ji Maharaj\nA new civili\xe2\x80\xa6'
2021-05-06 16:29:21,b'AmitYad20225190',b'RT @AzadPar83561128: #GodMorningThursday\n\nProphecy of Jean Dixon (woman astrologer from America) about Saint Rampal Ji Maharaj\nA new civili\xe2\x80\xa6'
2021-05-06 16:25:48,b'AzadPar83561128',b'#GodMorningThursday\n\nProphecy of Jean Dixon (woman astrologer from America) about Saint Rampal Ji Maharaj\nA new civ\xe2\x80\xa6 https://t.co/4knbXEy27m'
2021-05-06 16:11:30,b'ramya_krish1080',b'@rahulverma08 @NeemKaroliBaba1 @arunbothra @asliyoyo @RandeepHooda @vishalgondal @RahulDevRising @NamitaGokhale_\xe2\x80\xa6 https://t.co/LXL0Qi6P8b'
2021-05-06 16:03:06,b'ompatel16584215',b'@_Jsstar @rahulverma08 @NeemKaroliBaba1 @arunbothra @asliyoyo @RandeepHooda @vishalgondal @RahulDevRising\xe2\x80\xa6 https://t.co/SwGihhtRzw'
2021-05-06 15:39:25,b'mohit11481',b'@Asifbhamlaa @bhamlafoundatio @TandonRaveena @bhumipednekar @RandeepHooda @asliyoyo @Dev_Fadnavis @Shehzad_Ind\xe2\x80\xa6 https://t.co/qsZMPldOx5'
2021-05-06 15:00:47,b'SMRedwan5',b'@PolkaGold_BEP20 #PolkaGold #giveaway\n#Persale #Bscgem #PGLD\n#Bsc #Bnb\n\n@elonmusk @GuruOfficial @BoredElonMusk\xe2\x80\xa6 https://t.co/lA7FEPRGlr'
2021-05-06 14:40:25,b'svelji',b'@Asifbhamlaa @bhamlafoundatio @TandonRaveena @bhumipednekar @RandeepHooda @asliyoyo @Dev_Fadnavis @Shehzad_Ind\xe2\x80\xa6 https://t.co/F50fIc4Wvn'
2021-05-06 14:19:21,b'BhamlaFaizan',b'@Asifbhamlaa @bhamlafoundatio @TandonRaveena @bhumipednekar @RandeepHooda @asliyoyo @Dev_Fadnavis @Shehzad_Ind\xe2\x80\xa6 https://t.co/5GWz6AMqwJ'
2021-05-06 14:11:12,b'pranshudjain',b'@asliyoyo sir pls voice out more for greater unification by all the bigger artists &amp; personalities for solutions ag\xe2\x80\xa6 https://t.co/B1OWIeF7o9'
2021-05-06 14:07:58,b'gaibi_parvez',b'@Asifbhamlaa @bhamlafoundatio @TandonRaveena @bhumipednekar @RandeepHooda @asliyoyo @Dev_Fadnavis @Shehzad_Ind\xe2\x80\xa6 https://t.co/dygrCjE6nK'
2021-05-06 13:28:44,b'SalmanKShaikh0',b'@Asifbhamlaa @bhamlafoundatio @TandonRaveena @bhumipednekar @RandeepHooda @asliyoyo @Dev_Fadnavis @Shehzad_Ind\xe2\x80\xa6 https://t.co/qCz1N5AIt3'
2021-05-06 13:11:42,b'ranjanard',b'@Asifbhamlaa @bhamlafoundatio @TandonRaveena @bhumipednekar @RandeepHooda @asliyoyo @Dev_Fadnavis @Shehzad_Ind\xe2\x80\xa6 https://t.co/GeZqqsllxb'
2021-05-06 12:10:03,b'HoneyNabha2',b'@asliyoyo Good job \xf0\x9f\x91\x8d\xf0\x9f\x91\x8d\xf0\x9f\x91\x8d\xf0\x9f\x91\x8d'
2021-05-06 11:12:06,b'Sumitgujjar7777',b'RT @GuruOfficial: First time ever @asliyoyo and @GuruOfficial coming for a song together \xf0\x9f\x92\xa5\nMake some Extra noise \xf0\x9f\x92\xa5 https://t.co/xie8DewHBb'
2021-05-06 09:05:52,b'TusharPopli8',b'RT @PiyushK15056416: @DishantMalik13 @ashchanchlani @asliyoyo @GippyGrewal @GraphicEraHill1 @Graphicera2 During this critical time of pande\xe2\x80\xa6'
2021-05-06 09:05:50,b'TusharPopli8',b'RT @DishantMalik13: Graphic era imposing fine on students is no less than people storing oxygen\n#graphicerafeeskamkaro\n#graphicerafeeskamka\xe2\x80\xa6'
2021-05-06 07:43:37,b'AjayYad48665070',b'@asliyoyo \nPlease honey pahji\nHelp me she lost her life \nAap hi bacha skte ho use ya mujhe sir please help me \n7876618391\n@asliyoyo'
2021-05-06 07:41:07,b'MayankT02876448',b'Requirements of oxygen Cylinder\nPLEASE @asliyoyo @CMOPb'
2021-05-06 07:32:21,b'itsPahadi',b'@yamraj_says @asliyoyo huhnnn'
2021-05-06 06:28:52,b'bijayshw',"b'@asliyoyo\nSee this video how people made this song "" char botle dudh ka"" \xf0\x9f\xa4\xa3\xf0\x9f\xa4\xa3\nhttps://t.co/p236NLlEAW'"
2021-05-06 06:12:19,b'atulverma777',b'The Beautiful View Royal City of Patiala \xf0\x9f\x92\x90\xf0\x9f\x92\x90\n#farmhouse #instagood #AngelinaJolie #ElChiringuitoDeMega #Jaipur\xe2\x80\xa6 https://t.co/yp25GmnfE1'
2021-05-06 05:30:49,b'itsMohak',b'@asliyoyo Very true.'
2021-05-06 04:13:37,b'MrBhuwan_',b'RT @asliyoyo: Wishing a very Happy Birthday to the Khiladi of Bollywood @akshaykumar bhaji.Much Love - Yo Yo .\n#HappyBirthDayAkshayKumar ht\xe2\x80\xa6'
2021-05-06 01:39:57,b'RihanSi65491343',b'@TimesMusicHub @asliyoyo I love song'
2021-05-05 23:14:44,b'RetweetsMumbai',b'RT @BlazingPunk: https://t.co/bHAC9lO2Ce   \nTHIS PROJECT IS DEDICATED TO ALL \n@asliyoyo and @hommiedilliwala  SONG ADDICTS LIKE ME\n@TSeries\xe2\x80\xa6'
2021-05-05 23:12:36,b'BlazingPunk',b'https://t.co/bHAC9lO2Ce   \nTHIS PROJECT IS DEDICATED TO ALL \n@asliyoyo and @hommiedilliwala  SONG ADDICTS LIKE ME\xe2\x80\xa6 https://t.co/1Ry5FwH5qG'
2021-05-05 17:38:51,b'SoumyaR18753756',b'RT @asliyoyo: Wishing you a very Happy Birthday @KapilSharmaK9 bhaji. God Bless you - Yo Yo https://t.co/4cL2tv7VUt'
2021-05-05 16:03:09,b'A81704828',b'RT @PiyushK15056416: @DishantMalik13 @ashchanchlani @asliyoyo @GippyGrewal @GraphicEraHill1 @Graphicera2 During this critical time of pande\xe2\x80\xa6'
2021-05-05 15:50:57,b'Rupali85615238',b'RT @DishantMalik13: Graphic era imposing fine on students is no less than people storing oxygen\n#graphicerafeeskamkaro\n#graphicerafeeskamka\xe2\x80\xa6'
2021-05-05 14:06:24,b'UmeshKa44910246',b'Nice Project  @drharshvardhan  @asliyoyo @deepikapadukone https://t.co/8VRhGBHJpd'
2021-05-05 10:27:55,b'SouravSundriya2',b'RT @DishantMalik13: Graphic era imposing fine on students is no less than people storing oxygen\n#graphicerafeeskamkaro\n#graphicerafeeskamka\xe2\x80\xa6'
2021-05-05 09:17:37,b'khanbilal_',b'@asliyoyo sir i need some money please help me sir \xf0\x9f\x99\x8f \nname : Bilal Ahmed khan\naccount no : 0114041000001046\nIFSC co\xe2\x80\xa6 https://t.co/9elkCHGGhy'
2021-05-05 07:20:50,b'DilipHarammi',b'@TheJohnAbraham @asliyoyo Yo yo needs to go back to his drug n alcohol his so called rap are more like WRAP OR CRAP\xe2\x80\xa6 https://t.co/8tNi45apvN'
2021-05-05 07:18:53,b'Aryangu06814978',b'RT @DishantMalik13: Graphic era imposing fine on students is no less than people storing oxygen\n#graphicerafeeskamkaro\n#graphicerafeeskamka\xe2\x80\xa6'
2021-05-05 06:55:11,b'maanvi_rawlley',"b""@jrryjs It's always Honey Singh\xf0\x9f\x99\x8c\xf0\x9f\x99\x88\n@asliyoyo"""
2021-05-04 21:08:11,b'SchoolJokesK_12',b'Hey @asliyoyo @ToysRUs @Walmart! What is a jedi\xe2\x80\x99s favorite toy?\xe2\x80\xa6 A yo-yoda https://t.co/CWmCeTGXpd\xe2\x80\xa6 https://t.co/MootJgHHUC'
2021-05-04 19:39:10,b'SubhashTak01',b'@asliyoyo New song ...'
2021-05-04 18:08:28,b'Avniique',b'@RohanSi59224692 @asliyoyo Follow back kr Ro:/'
2021-05-04 17:37:23,b'NITINKHARWAR2',"b""@asliyoyo Salute tho the doctor's and there helpers to they are just like god on earth\xe2\x9d\xa4\xef\xb8\x8f\n#COVID19\xe2\x80\xa6 https://t.co/zZ9ldpQ769"""
2021-05-04 17:32:53,b'Zebaqureshisk',"b""RT @TSeries: Take a moment to go back in time and re-live all your first times. And, don't forget to tune into #FirstKiss! https://t.co/eET\xe2\x80\xa6"""
2021-05-04 17:32:45,b'Zebaqureshisk',"b""RT @TSeries: Groove along the tune of Honey Singh's #FirstKiss introducing Ipsitaa as it spills magic on you! Song out now! Tune in: https:\xe2\x80\xa6"""
2021-05-04 17:32:37,b'Zebaqureshisk',b'RT @TSeries: #FirstKiss has just hit 150M+ views on YouTube. This punchy and powerful track is absolutely infectious. Tune in now: https://\xe2\x80\xa6'
2021-05-04 17:32:31,b'Zebaqureshisk',"b""RT @TSeries: And just like that Yo Yo Honey Singh and Ipsitaa's #FirstKiss crossed yet another milestone. We made it past the 40M mark on Y\xe2\x80\xa6"""
2021-05-04 17:32:23,b'Zebaqureshisk',"b'RT @TSeries: Another feather in the hat for Honey Singh and Ipsitaa. #FirstKiss just crossed 30M+ views on YouTube, truly amazing! Thanks f\xe2\x80\xa6'"
2021-05-04 17:32:08,b'Zebaqureshisk',b'RT @asliyoyo: #FirstKiss releasing this Tuesday 24th November. Introducing the very talented @ipsitaaofficial\nDrop a \xe2\x9d\xa4\xef\xb8\x8f if you are ready !!\xe2\x80\xa6'
2021-05-04 17:32:00,b'Zebaqureshisk',b'RT @asliyoyo: #FirstKiss Rehearsals !!\n@IpsitaaOfficial @TSeries #BhushanKumar @itsmihirgulati #bobbysuri @RdmMedia https://t.co/FRnxlK00Nn'
2021-05-04 17:31:51,b'Zebaqureshisk',"b'RT @asliyoyo: My most awaited song #FirstKiss is releasing on 24th November, feat. @IpsitaaOfficial \n\n@TSeries #BhushanKumar @directorgifty\xe2\x80\xa6'"
2021-05-04 17:31:44,b'Zebaqureshisk',"b'RT @asliyoyo: Kabool hai , Kabool hai , Kabool hai. All the love you giving to #FirstKiss, Kabool Hai. @TSeries @IpsitaaOfficial https://t.\xe2\x80\xa6'"
2021-05-04 17:31:41,b'Zebaqureshisk',b'RT @asliyoyo: #FirstKiss teaser out today at 2pm. Are you ready ??\n\n@asliyoyo feat. @IpsitaaOfficial \n@TSeries #BhushanKumar @directorgifty\xe2\x80\xa6'
2021-05-04 17:31:37,b'Zebaqureshisk',"b'RT @asliyoyo: First Look of #FirstKiss feat.@ipsitaaofficial\n\nKeep Loving , Keep Sharing #FirstKissFirstLook #YoYoHoneySingh #YoYo https://\xe2\x80\xa6'"
2021-05-04 17:31:30,b'Zebaqureshisk',b'RT @asliyoyo: Keep it locked for tomorrow 2PM !!\nRelease date announcement of #Firstkiss\n@TSeries @IpsitaaOfficial \n\n#YoYoHoneySingh #YoYo\xe2\x80\xa6'
2021-05-04 17:31:23,b'Zebaqureshisk',b'RT @asliyoyo: Can\xe2\x80\x99t keep calm as #FirstKiss is now trending #1 on Indian Pop Charts on iTunes ! Tune in now: https://t.co/TBlIkE9AI4 \xf0\x9f\x8e\xa7\n\n#ts\xe2\x80\xa6'
2021-05-04 17:31:19,b'Zebaqureshisk',b'RT @asliyoyo: First Poster of #FirstKiss is coming out tomorrow at 1:00 PM IST. https://t.co/yLdlCpIRln'
2021-05-04 17:31:13,b'Zebaqureshisk',"b'RT @asliyoyo: Big shoutout to my styling team for their amazing work in #FirstKiss\n\nStyling (Me, Ipsitaa and dancers) #Mia \n\nMy Clothes des\xe2\x80\xa6'"
2021-05-04 17:31:10,b'Zebaqureshisk',b'RT @asliyoyo: #FirstKiss sums up the first feeling of rush in your veins! Teaser out now! Tune in!\nhttps://t.co/DJG1f5L4Jl\xe2\x80\xa6\n\nSong out on 24\xe2\x80\xa6'
2021-05-04 17:31:04,b'Zebaqureshisk',b'RT @asliyoyo: \xe2\x80\x98FIRST KISS\xe2\x80\x99 ka first poster coming soon. \n\n#watchthisspace #yoyohoneysingh #waitisover https://t.co/F2eqN9IQT0'
2021-05-04 17:30:59,b'Zebaqureshisk',"b'RT @asliyoyo: \xe2\x80\x9cNow , Thats the formula \xe2\x80\x9c\n#FIRSTKISS crossed 20M!!\n#yoyohoneysingh #yoyo @IpsitaaOfficial https://t.co/C8FLmDkn4G'"
2021-05-04 17:12:39,b'Avniique',b'@asliyoyo WE MISSS YOU YOYO\xf0\x9f\x98\x9e\xf0\x9f\x98\x9e\xf0\x9f\x98\x9e\xf0\x9f\x98\x9e\nHOPEE AAP ACHEE\xe2\x9d\xa4'
2021-05-04 17:09:20,b'Avniique',b'@asliyoyo Where you????\xf0\x9f\x98\xad\xe2\x9d\xa4YoYo'
2021-05-04 16:44:39,b'mr_azhar01',b'@asliyoyo Said time\xf0\x9f\x98\xb7\xf0\x9f\x98\xb7\xf0\x9f\x98\xb7'
2021-05-04 16:35:41,b'Aboutooflyyyyyy',"b""@asliyoyo A+ plasma of Covid recovered person is needed for my Friend's father \n\nName: Dinesh Pratap Singh\nAge: 50\xe2\x80\xa6 https://t.co/pngrx9Hh48"""
2021-05-04 14:05:49,b'Akshayk95564696',b'RT @PiyushK15056416: @DishantMalik13 @ashchanchlani @asliyoyo @GippyGrewal @GraphicEraHill1 @Graphicera2 During this critical time of pande\xe2\x80\xa6'
2021-05-04 13:57:40,b'Akshayk95564696',b'RT @DishantMalik13: Graphic era imposing fine on students is no less than people storing oxygen\n#graphicerafeeskamkaro\n#graphicerafeeskamka\xe2\x80\xa6'
2021-05-04 13:52:21,b'rfbgdcc',b'RT @GuruOfficial: First time ever @asliyoyo and @GuruOfficial coming for a song together \xf0\x9f\x92\xa5\nMake some Extra noise \xf0\x9f\x92\xa5 https://t.co/xie8DewHBb'
2021-05-04 13:19:34,b'Mr0Y0Y0',b'@JiteshAjaria @JioCare @G7 @G20Australia @MukeshAmbanima @Nitaambani56 @reliancejio @DoT_India @PMOIndia @rsprasad\xe2\x80\xa6 https://t.co/YwDGvtHvpV'
2021-05-04 11:59:39,b'KomalGi24415195',b'RT @DishantMalik13: Graphic era imposing fine on students is no less than people storing oxygen\n#graphicerafeeskamkaro\n#graphicerafeeskamka\xe2\x80\xa6'
2021-05-04 11:42:55,b'sonvarsh',b'\xf0\x9f\x92\xa5Song out now on my YT Channel\nCheck it out link\xf0\x9f\x91\x87\xf0\x9f\x91\x87\nhttps://t.co/QYeeliC8Dy\n@DarshanRavalDZ\n@raftaarmusic \n@asliyoyo https://t.co/LpoWSWVVG8'
2021-05-04 10:41:14,b'Jagriti62242789',b'RT @DishantMalik13: Graphic era imposing fine on students is no less than people storing oxygen\n#graphicerafeeskamkaro\n#graphicerafeeskamka\xe2\x80\xa6'
2021-05-04 07:46:25,b'PraveenSarath19',b'@preeti__44 @asliyoyo  the king \xf0\x9f\x91\x91'
2021-05-04 07:04:13,b'lightning_cars_',b'RT @lightning_cars_: Today is my birthday \n@Flipkart @flyingbeast320 @TechnicalGuruji @akshaykumar @asliyoyo @chartdata @justinbieber @adva\xe2\x80\xa6'
2021-05-04 07:03:34,b'lightning_cars_',b'Today is my birthday \n@Flipkart @flyingbeast320 @TechnicalGuruji @akshaykumar @asliyoyo @chartdata @justinbieber\xe2\x80\xa6 https://t.co/DSTVrJe66H'
2021-05-04 06:26:31,b'Eeshwar1992',"b'@ThakurSiddharth @SrBachchan @asliyoyo How ru sir eeshwar Kumar hare \n\nI am your fan a long time ago, I made a sket\xe2\x80\xa6 https://t.co/cddbA1GJKh'"
2021-05-04 05:08:54,b'chiteshsdewanga',b'Fanart @asliyoyo \xf0\x9f\x92\x9e\xe2\x9d\xa3\xef\xb8\x8f\nWork by @chiteshsdewanga \n.\n.\n#YoYoHoneySingh #ArtistOnTwitter #art #artwork #honeys #yoyo\xe2\x80\xa6 https://t.co/SlsiF3IUi5'
2021-05-04 04:18:43,b'Mr0Y0Y0',b'@dineshp108 @JioCare @reliancejio @G7 @G20Australia @MukeshAmbanima @Nitaambani56 @DoT_India @PMOIndia @rsprasad\xe2\x80\xa6 https://t.co/xrOV21gqWb'
2021-05-04 04:01:37,b'AmitChouhana223',b'https://t.co/Mfby1sS5zH subscribe my channel @arjitsingh4224 @AtifAslamTeam @asliyoyo @Its_Badshah @iAmNehaKakkar @TonyKakkar @'
2021-05-04 02:12:33,b'cryptic_exee',b'RT @DishantMalik13: Graphic era imposing fine on students is no less than people storing oxygen\n#graphicerafeeskamkaro\n#graphicerafeeskamka\xe2\x80\xa6'
2021-05-04 01:27:48,b'NakhareWali',b'@vigil_nte @comedibanda Brilliant tallonted boi\xe2\x9d\xa4\xef\xb8\x8f\xe2\x9c\x8c\xef\xb8\x8f@asliyoyo honeysingh'
2021-05-03 18:09:54,b'SomeshNegi12',b'RT @DishantMalik13: Graphic era imposing fine on students is no less than people storing oxygen\n#graphicerafeeskamkaro\n#graphicerafeeskamka\xe2\x80\xa6'
2021-05-03 16:36:29,b'Darethebillion1',"b'@Manishlohaar @asliyoyo Hey, I found this book that I read and it thought me how to make my first \xc2\xa31000... check it\xe2\x80\xa6 https://t.co/B0ktOnWf5j'"
2021-05-03 16:06:12,b'Vansh34222638',b'RT @starhunny_: SUPERSTAR @rahulvaidya23 \xf0\x9f\x98\x8e\xf0\x9f\x98\x8d\n\nRKV X YO YO @asliyoyo \n\nGive your feedbacks also. \n\n#RahulVaidya #RKVians #RahulVaidyaVM\n@Rahu\xe2\x80\xa6'
2021-05-03 14:30:17,b'AkhilsharmaE',b'RT @DishantMalik13: Graphic era imposing fine on students is no less than people storing oxygen\n#graphicerafeeskamkaro\n#graphicerafeeskamka\xe2\x80\xa6'
2021-05-03 13:39:34,b'V24maxy06',b'RT @NaveenT05233625: @frp09 sir please help \nAmplify \xf0\x9f\x99\x8f\n\nDarshan kapoor\nPSRI HOSPITAL saket\nBlood group  B+\nNumber_9582551183\nContact name_M\xe2\x80\xa6'
2021-05-03 12:57:09,b'NaveenT05233625',b'RT @RohitDhyani: @alexab2609 @NaveenT05233625 @frp09 @srinivasiyc @Its_Badshah @asliyoyo @NidhiKNDTV @Nidhi @umashankarsingh @ppbajpai @abh\xe2\x80\xa6'
2021-05-03 12:55:35,b'mishraajiii',b'RT @NaveenT05233625: @frp09 sir please help \nAmplify \xf0\x9f\x99\x8f\n\nDarshan kapoor\nPSRI HOSPITAL saket\nBlood group  B+\nNumber_9582551183\nContact name_M\xe2\x80\xa6'
2021-05-03 12:53:18,b'RohitDhyani',b'@alexab2609 @NaveenT05233625 @frp09 @srinivasiyc @Its_Badshah @asliyoyo @NidhiKNDTV @Nidhi @umashankarsingh\xe2\x80\xa6 https://t.co/kdSVofKrvw'
2021-05-03 12:48:53,b'ravarajam',b'RT @NaveenT05233625: @frp09 sir please help \nAmplify \xf0\x9f\x99\x8f\n\nDarshan kapoor\nPSRI HOSPITAL saket\nBlood group  B+\nNumber_9582551183\nContact name_M\xe2\x80\xa6'
2021-05-03 12:48:19,b'frp09',b'RT @NaveenT05233625: @frp09 sir please help \nAmplify \xf0\x9f\x99\x8f\n\nDarshan kapoor\nPSRI HOSPITAL saket\nBlood group  B+\nNumber_9582551183\nContact name_M\xe2\x80\xa6'
2021-05-03 12:46:02,b'NaveenT05233625',b'#SOSIYC\n\n@salonayyy mam please help \nAmplify \xf0\x9f\x99\x8f\n\nDarshan kapoor\nPSRI HOSPITAL saket\nBlood group  B+\nNumber_958255118\xe2\x80\xa6 https://t.co/5DPczUCwpZ'
2021-05-03 12:43:29,b'NaveenT05233625',b'@sushant_says sir please help \nAmplify \xf0\x9f\x99\x8f\n\nDarshan kapoor\nPSRI HOSPITAL saket\nBlood group  B+\nNumber_9582551183\nCont\xe2\x80\xa6 https://t.co/Eh9Mzu30Zt'
2021-05-03 12:42:23,b'NaveenT05233625',b'@dr_arpit_jain sir please help \nAmplify \xf0\x9f\x99\x8f\n\nDarshan kapoor\nPSRI HOSPITAL saket\nBlood group  B+\nNumber_9582551183\nCon\xe2\x80\xa6 https://t.co/oNi2vXClHp'
2021-05-03 12:41:19,b'NaveenT05233625',b'@Shazi786_ mam please help \nAmplify \xf0\x9f\x99\x8f\n\nDarshan kapoor\nPSRI HOSPITAL saket\nBlood group  B+\nNumber_9582551183\nContact\xe2\x80\xa6 https://t.co/QeXPM16Tow'
2021-05-03 12:40:51,b'NaveenT05233625',b'@AnuradhaKhar  mam please help \nAmplify \xf0\x9f\x99\x8f\n\nDarshan kapoor\nPSRI HOSPITAL saket\nBlood group  B+\nNumber_9582551183\nCon\xe2\x80\xa6 https://t.co/drMKQc0yeB'
2021-05-03 12:40:21,b'NaveenT05233625',b'@salonayyy mam please help \nAmplify \xf0\x9f\x99\x8f\n\nDarshan kapoor\nPSRI HOSPITAL saket\nBlood group  B+\nNumber_9582551183\nContact\xe2\x80\xa6 https://t.co/cHvHXCwJ6H'
2021-05-03 12:39:39,b'NaveenT05233625',b'@frp09 sir please help \nAmplify \xf0\x9f\x99\x8f\n\nDarshan kapoor\nPSRI HOSPITAL saket\nBlood group  B+\nNumber_9582551183\nContact nam\xe2\x80\xa6 https://t.co/5fK2vM4zm8'
2021-05-03 12:38:16,b'NaveenT05233625',b'@shahfaesal sir please help \nAmplify \xf0\x9f\x99\x8f\n\nDarshan kapoor\nPSRI HOSPITAL saket\nBlood group  B+\nNumber_9582551183\nContac\xe2\x80\xa6 https://t.co/FRcoeq28zL'
2021-05-03 12:37:41,b'NaveenT05233625',b'@SreenivasanJain sir please help \nAmplify \xf0\x9f\x99\x8f\n\nDarshan kapoor\nPSRI HOSPITAL saket\nBlood group  B+\nNumber_9582551183\nC\xe2\x80\xa6 https://t.co/Z5ikhIEAft'
2021-05-03 12:37:05,b'NaveenT05233625',b'@arvindgunasekar  sir please help \nAmplify \xf0\x9f\x99\x8f\n\nDarshan kapoor\nPSRI HOSPITAL saket\nBlood group  B+\nNumber_9582551183\xe2\x80\xa6 https://t.co/YAVl3zEAna'
2021-05-03 12:36:31,b'NaveenT05233625',b'@UtkarshSingh_  sir please help \nAmplify \xf0\x9f\x99\x8f\n\nDarshan kapoor\nPSRI HOSPITAL saket\nBlood group  B+\nNumber_9582551183\nCo\xe2\x80\xa6 https://t.co/V5qy0glS0N'
2021-05-03 11:58:56,b'AnotherPerspe11',b'RT @PiyushK15056416: @DishantMalik13 @ashchanchlani @asliyoyo @GippyGrewal @GraphicEraHill1 @Graphicera2 During this critical time of pande\xe2\x80\xa6'
2021-05-03 11:48:39,b'NaveenT05233625',b'@SandeepNews24 sir please help \nAmplify \xf0\x9f\x99\x8f\n\nDarshan kapoor\nPSRI HOSPITAL saket\nBlood group  B+\nNumber_9582551183\nCon\xe2\x80\xa6 https://t.co/5QK7w6ZajH'
2021-05-03 11:33:13,b'SanjayS10655514',b'RT @DishantMalik13: Graphic era imposing fine on students is no less than people storing oxygen\n#graphicerafeeskamkaro\n#graphicerafeeskamka\xe2\x80\xa6'
2021-05-03 11:13:23,b'Himansh10088380',b'RT @Himansh10088380: This video for @asliyoyo haters\n\nLove u paaji from utthrakhand \xe2\x9d\xa3\xef\xb8\x8f\xe2\x9d\xa3\xef\xb8\x8f https://t.co/Xr6QpOWlZw'
2021-05-03 11:12:27,b'Himansh10088380',b'This video for @asliyoyo haters\n\nLove u paaji from utthrakhand \xe2\x9d\xa3\xef\xb8\x8f\xe2\x9d\xa3\xef\xb8\x8f https://t.co/Xr6QpOWlZw'
2021-05-03 11:05:04,b'dilwala_rkv',b'RT @starhunny_: SUPERSTAR @rahulvaidya23 \xf0\x9f\x98\x8e\xf0\x9f\x98\x8d\n\nRKV X YO YO @asliyoyo \n\nGive your feedbacks also. \n\n#RahulVaidya #RKVians #RahulVaidyaVM\n@Rahu\xe2\x80\xa6'
2021-05-03 10:50:49,b'Viditi11',b'RT @starhunny_: SUPERSTAR @rahulvaidya23 \xf0\x9f\x98\x8e\xf0\x9f\x98\x8d\n\nRKV X YO YO @asliyoyo \n\nGive your feedbacks also. \n\n#RahulVaidya #RKVians #RahulVaidyaVM\n@Rahu\xe2\x80\xa6'
2021-05-03 10:40:42,b'Rohan63682314',b'RT @DishantMalik13: Graphic era imposing fine on students is no less than people storing oxygen\n#graphicerafeeskamkaro\n#graphicerafeeskamka\xe2\x80\xa6'
2021-05-03 10:40:10,b'ShivamB67097552',b'RT @DishantMalik13: Graphic era imposing fine on students is no less than people storing oxygen\n#graphicerafeeskamkaro\n#graphicerafeeskamka\xe2\x80\xa6'
2021-05-03 10:39:05,b'AkshatS76850377',b'RT @DishantMalik13: Graphic era imposing fine on students is no less than people storing oxygen\n#graphicerafeeskamkaro\n#graphicerafeeskamka\xe2\x80\xa6'
2021-05-03 10:33:57,b'iam_sparrow07',b'RT @DishantMalik13: Graphic era imposing fine on students is no less than people storing oxygen\n#graphicerafeeskamkaro\n#graphicerafeeskamka\xe2\x80\xa6'
2021-05-03 10:20:37,b'PiyushK15056416',b'@DishantMalik13 @ashchanchlani @asliyoyo @GippyGrewal @GraphicEraHill1 @Graphicera2 During this critical time of pa\xe2\x80\xa6 https://t.co/tFxU3EoLiu'
2021-05-03 10:17:46,b'nishu1029',b'RT @DishantMalik13: Graphic era imposing fine on students is no less than people storing oxygen\n#graphicerafeeskamkaro\n#graphicerafeeskamka\xe2\x80\xa6'
2021-05-03 10:17:36,b'TYSON2002rahul',b'RT @DishantMalik13: Graphic era imposing fine on students is no less than people storing oxygen\n#graphicerafeeskamkaro\n#graphicerafeeskamka\xe2\x80\xa6'
2021-05-03 10:13:26,b'akiraw2000',b'RT @DishantMalik13: Graphic era imposing fine on students is no less than people storing oxygen\n#graphicerafeeskamkaro\n#graphicerafeeskamka\xe2\x80\xa6'
2021-05-03 10:10:21,b'A81704828',b'RT @DishantMalik13: Graphic era imposing fine on students is no less than people storing oxygen\n#graphicerafeeskamkaro\n#graphicerafeeskamka\xe2\x80\xa6'
2021-05-03 10:08:39,b'AnotherPerspe11',b'RT @DishantMalik13: Graphic era imposing fine on students is no less than people storing oxygen\n#graphicerafeeskamkaro\n#graphicerafeeskamka\xe2\x80\xa6'
2021-05-03 09:59:36,b'Deepesh59769345',b'RT @DishantMalik13: Graphic era imposing fine on students is no less than people storing oxygen\n#graphicerafeeskamkaro\n#graphicerafeeskamka\xe2\x80\xa6'
2021-05-03 09:54:03,b'AbuQasimKhan3',b'RT @DishantMalik13: Graphic era imposing fine on students is no less than people storing oxygen\n#graphicerafeeskamkaro\n#graphicerafeeskamka\xe2\x80\xa6'
2021-05-03 09:53:43,b'luke_prakhar',b'RT @DishantMalik13: Graphic era imposing fine on students is no less than people storing oxygen\n#graphicerafeeskamkaro\n#graphicerafeeskamka\xe2\x80\xa6'
2021-05-03 09:53:18,b'sakchahal_jaat',b'RT @DishantMalik13: Graphic era imposing fine on students is no less than people storing oxygen\n#graphicerafeeskamkaro\n#graphicerafeeskamka\xe2\x80\xa6'
2021-05-03 09:51:17,b'DeepakS39738235',b'RT @DishantMalik13: Graphic era imposing fine on students is no less than people storing oxygen\n#graphicerafeeskamkaro\n#graphicerafeeskamka\xe2\x80\xa6'
2021-05-03 09:50:15,b'_Akhilesh_Rawat',b'RT @DishantMalik13: Graphic era imposing fine on students is no less than people storing oxygen\n#graphicerafeeskamkaro\n#graphicerafeeskamka\xe2\x80\xa6'
2021-05-03 09:49:12,b'Prisha35131045',b'RT @DishantMalik13: Graphic era imposing fine on students is no less than people storing oxygen\n#graphicerafeeskamkaro\n#graphicerafeeskamka\xe2\x80\xa6'
2021-05-03 09:48:56,b'enya_suthar22',b'RT @DishantMalik13: Graphic era imposing fine on students is no less than people storing oxygen\n#graphicerafeeskamkaro\n#graphicerafeeskamka\xe2\x80\xa6'
2021-05-03 09:48:46,b'Diwakar1098',b'RT @DishantMalik13: Graphic era imposing fine on students is no less than people storing oxygen\n#graphicerafeeskamkaro\n#graphicerafeeskamka\xe2\x80\xa6'
2021-05-03 09:47:42,b'TandonTaneesha',b'RT @DishantMalik13: Graphic era imposing fine on students is no less than people storing oxygen\n#graphicerafeeskamkaro\n#graphicerafeeskamka\xe2\x80\xa6'
2021-05-03 09:47:15,b'Akshat9837',b'RT @DishantMalik13: Graphic era imposing fine on students is no less than people storing oxygen\n#graphicerafeeskamkaro\n#graphicerafeeskamka\xe2\x80\xa6'
2021-05-03 09:46:47,b'prerit_munjal',b'RT @DishantMalik13: Graphic era imposing fine on students is no less than people storing oxygen\n#graphicerafeeskamkaro\n#graphicerafeeskamka\xe2\x80\xa6'
2021-05-03 09:46:32,b'DishantMalik13',b'Graphic era imposing fine on students is no less than people storing oxygen\n#graphicerafeeskamkaro\xe2\x80\xa6 https://t.co/Hq1YteXLQp'
2021-05-03 08:17:39,b'ArmaanRehaan3',b'Everyone is a dope rapper until the old yo yo arrives\xe2\x9d\xa4\xef\xb8\x8f\xf0\x9f\x91\x91 u can nvr find  another honey singh in Rap_history of boll\xe2\x80\xa6 https://t.co/DcXROJlZQN'
2021-05-03 05:19:58,b'akhilartist',"b""Couldn't stop making a quick remix for my broz @SinghstaMusic  @asliyoyo  \nhttps://t.co/r3VLEF6RMD"""
2021-05-03 04:32:05,b'Khadka5Khadka',b'RT @starhunny_: SUPERSTAR @rahulvaidya23 \xf0\x9f\x98\x8e\xf0\x9f\x98\x8d\n\nRKV X YO YO @asliyoyo \n\nGive your feedbacks also. \n\n#RahulVaidya #RKVians #RahulVaidyaVM\n@Rahu\xe2\x80\xa6'
2021-05-03 03:17:11,b'Divyans25345290',b'RT @starhunny_: SUPERSTAR @rahulvaidya23 \xf0\x9f\x98\x8e\xf0\x9f\x98\x8d\n\nRKV X YO YO @asliyoyo \n\nGive your feedbacks also. \n\n#RahulVaidya #RKVians #RahulVaidyaVM\n@Rahu\xe2\x80\xa6'
2021-05-03 03:04:21,b'Sangamr17291493',b'RT @starhunny_: SUPERSTAR @rahulvaidya23 \xf0\x9f\x98\x8e\xf0\x9f\x98\x8d\n\nRKV X YO YO @asliyoyo \n\nGive your feedbacks also. \n\n#RahulVaidya #RKVians #RahulVaidyaVM\n@Rahu\xe2\x80\xa6'
2021-05-03 00:42:01,b'RenuGrg8',b'RT @starhunny_: SUPERSTAR @rahulvaidya23 \xf0\x9f\x98\x8e\xf0\x9f\x98\x8d\n\nRKV X YO YO @asliyoyo \n\nGive your feedbacks also. \n\n#RahulVaidya #RKVians #RahulVaidyaVM\n@Rahu\xe2\x80\xa6'
2021-05-02 20:01:56,b'RockingStarSuR5',b'RT @starhunny_: SUPERSTAR @rahulvaidya23 \xf0\x9f\x98\x8e\xf0\x9f\x98\x8d\n\nRKV X YO YO @asliyoyo \n\nGive your feedbacks also. \n\n#RahulVaidya #RKVians #RahulVaidyaVM\n@Rahu\xe2\x80\xa6'
2021-05-02 18:22:47,b'snehu0103',b'RT @starhunny_: SUPERSTAR @rahulvaidya23 \xf0\x9f\x98\x8e\xf0\x9f\x98\x8d\n\nRKV X YO YO @asliyoyo \n\nGive your feedbacks also. \n\n#RahulVaidya #RKVians #RahulVaidyaVM\n@Rahu\xe2\x80\xa6'
2021-05-02 18:20:36,b'Preetp18',b'RT @starhunny_: SUPERSTAR @rahulvaidya23 \xf0\x9f\x98\x8e\xf0\x9f\x98\x8d\n\nRKV X YO YO @asliyoyo \n\nGive your feedbacks also. \n\n#RahulVaidya #RKVians #RahulVaidyaVM\n@Rahu\xe2\x80\xa6'
2021-05-02 17:37:01,b'iRitu23032001',b'RT @starhunny_: SUPERSTAR @rahulvaidya23 \xf0\x9f\x98\x8e\xf0\x9f\x98\x8d\n\nRKV X YO YO @asliyoyo \n\nGive your feedbacks also. \n\n#RahulVaidya #RKVians #RahulVaidyaVM\n@Rahu\xe2\x80\xa6'
2021-05-02 17:24:31,b'Naina_RKVian',b'@starhunny_ @RKVFan23 @rahulvaidya23 @asliyoyo @RahulOfficialFC @RKVUniverse very nice yaar !! \xf0\x9f\xa4\xa9\xf0\x9f\x91\x8f\n\n@rahulvaidya23 \n#RahulVaidya #RKVians'
2021-05-02 17:22:26,b'Naina_RKVian',b'RT @starhunny_: SUPERSTAR @rahulvaidya23 \xf0\x9f\x98\x8e\xf0\x9f\x98\x8d\n\nRKV X YO YO @asliyoyo \n\nGive your feedbacks also. \n\n#RahulVaidya #RKVians #RahulVaidyaVM\n@Rahu\xe2\x80\xa6'
2021-05-02 17:08:29,b'Devansh95230272',b'RT @starhunny_: SUPERSTAR @rahulvaidya23 \xf0\x9f\x98\x8e\xf0\x9f\x98\x8d\n\nRKV X YO YO @asliyoyo \n\nGive your feedbacks also. \n\n#RahulVaidya #RKVians #RahulVaidyaVM\n@Rahu\xe2\x80\xa6'
2021-05-02 16:05:10,b'OfficialRahulFP',b'RT @starhunny_: SUPERSTAR @rahulvaidya23 \xf0\x9f\x98\x8e\xf0\x9f\x98\x8d\n\nRKV X YO YO @asliyoyo \n\nGive your feedbacks also. \n\n#RahulVaidya #RKVians #RahulVaidyaVM\n@Rahu\xe2\x80\xa6'
2021-05-02 15:58:50,b'AtulSha27148114',b'RT @satti_johal: #ElectionResults\n#\xe0\xa4\xa8\xe0\xa4\xb0\xe0\xa5\x87\xe0\xa4\x82\xe0\xa4\xa6\xe0\xa5\x8d\xe0\xa4\xb0_\xe0\xa4\xae\xe0\xa5\x8b\xe0\xa4\xa6\xe0\xa5\x80_\xe0\xa4\x97\xe0\xa5\x8d\xe0\xa4\xb2\xe0\xa5\x8b\xe0\xa4\xac\xe0\xa4\xb2_\xe0\xa4\xaa\xe0\xa4\xaa\xe0\xa5\x8d\xe0\xa4\xaa\xe0\xa5\x82\n\nThis video perfectly fit in  #BengalElection2021 @jazzyb @BabbuMaan @asliyoyo\xe2\x80\xa6'
2021-05-02 15:56:00,b'Mehreen94581369',b'RT @starhunny_: SUPERSTAR @rahulvaidya23 \xf0\x9f\x98\x8e\xf0\x9f\x98\x8d\n\nRKV X YO YO @asliyoyo \n\nGive your feedbacks also. \n\n#RahulVaidya #RKVians #RahulVaidyaVM\n@Rahu\xe2\x80\xa6'
2021-05-02 15:54:27,b'RKVOfficialFC21',b'RT @starhunny_: SUPERSTAR @rahulvaidya23 \xf0\x9f\x98\x8e\xf0\x9f\x98\x8d\n\nRKV X YO YO @asliyoyo \n\nGive your feedbacks also. \n\n#RahulVaidya #RKVians #RahulVaidyaVM\n@Rahu\xe2\x80\xa6'
2021-05-02 15:49:11,b'ForTheChampRKV1',b'RT @starhunny_: SUPERSTAR @rahulvaidya23 \xf0\x9f\x98\x8e\xf0\x9f\x98\x8d\n\nRKV X YO YO @asliyoyo \n\nGive your feedbacks also. \n\n#RahulVaidya #RKVians #RahulVaidyaVM\n@Rahu\xe2\x80\xa6'
2021-05-02 15:40:03,b'Rkv50533207',b'RT @starhunny_: SUPERSTAR @rahulvaidya23 \xf0\x9f\x98\x8e\xf0\x9f\x98\x8d\n\nRKV X YO YO @asliyoyo \n\nGive your feedbacks also. \n\n#RahulVaidya #RKVians #RahulVaidyaVM\n@Rahu\xe2\x80\xa6'
2021-05-02 15:36:17,b'JwalPatel3',b'RT @starhunny_: SUPERSTAR @rahulvaidya23 \xf0\x9f\x98\x8e\xf0\x9f\x98\x8d\n\nRKV X YO YO @asliyoyo \n\nGive your feedbacks also. \n\n#RahulVaidya #RKVians #RahulVaidyaVM\n@Rahu\xe2\x80\xa6'
2021-05-02 15:34:05,b'Real_Harsh1',b'RT @starhunny_: SUPERSTAR @rahulvaidya23 \xf0\x9f\x98\x8e\xf0\x9f\x98\x8d\n\nRKV X YO YO @asliyoyo \n\nGive your feedbacks also. \n\n#RahulVaidya #RKVians #RahulVaidyaVM\n@Rahu\xe2\x80\xa6'
2021-05-02 15:33:49,b'RKVUniverse',b'RT @starhunny_: SUPERSTAR @rahulvaidya23 \xf0\x9f\x98\x8e\xf0\x9f\x98\x8d\n\nRKV X YO YO @asliyoyo \n\nGive your feedbacks also. \n\n#RahulVaidya #RKVians #RahulVaidyaVM\n@Rahu\xe2\x80\xa6'
2021-05-02 15:12:20,b'Abhishe89527822',b'@PanvarRenuka @GuruOfficial @asliyoyo @AIexArteaga @palakmuchhal3 @bharti_lalli @iAmNehaKakkar @TheRichaSharma\xe2\x80\xa6 https://t.co/WVyBesOKsV'
2021-05-02 14:59:48,b'starhunny_',b'@Sonia78682727 @rahulvaidya23 @asliyoyo @RahulOfficialFC @RKVUniverse Thanks Sonia \xf0\x9f\x98\x8d\xf0\x9f\x98\x8d\xe2\x9d\xa4'
2021-05-02 14:59:26,b'Sonia78682727',b'RT @starhunny_: SUPERSTAR @rahulvaidya23 \xf0\x9f\x98\x8e\xf0\x9f\x98\x8d\n\nRKV X YO YO @asliyoyo \n\nGive your feedbacks also. \n\n#RahulVaidya #RKVians #RahulVaidyaVM\n@Rahu\xe2\x80\xa6'
2021-05-02 14:34:03,b'for_vaidya',b'RT @starhunny_: SUPERSTAR @rahulvaidya23 \xf0\x9f\x98\x8e\xf0\x9f\x98\x8d\n\nRKV X YO YO @asliyoyo \n\nGive your feedbacks also. \n\n#RahulVaidya #RKVians #RahulVaidyaVM\n@Rahu\xe2\x80\xa6'
2021-05-02 14:24:01,b'Akruti87818276',b'RT @starhunny_: SUPERSTAR @rahulvaidya23 \xf0\x9f\x98\x8e\xf0\x9f\x98\x8d\n\nRKV X YO YO @asliyoyo \n\nGive your feedbacks also. \n\n#RahulVaidya #RKVians #RahulVaidyaVM\n@Rahu\xe2\x80\xa6'
2021-05-02 14:07:13,b'ErAnshukamboj',b'RT @starhunny_: SUPERSTAR @rahulvaidya23 \xf0\x9f\x98\x8e\xf0\x9f\x98\x8d\n\nRKV X YO YO @asliyoyo \n\nGive your feedbacks also. \n\n#RahulVaidya #RKVians #RahulVaidyaVM\n@Rahu\xe2\x80\xa6'
2021-05-02 14:03:25,b'RiK_Kr',b'@vanshigooglyhai Real id se aa @asliyoyo'
2021-05-02 13:58:55,b'AnksItsEmotion',b'RT @starhunny_: SUPERSTAR @rahulvaidya23 \xf0\x9f\x98\x8e\xf0\x9f\x98\x8d\n\nRKV X YO YO @asliyoyo \n\nGive your feedbacks also. \n\n#RahulVaidya #RKVians #RahulVaidyaVM\n@Rahu\xe2\x80\xa6'
2021-05-02 13:44:38,b'RKVian98020943',b'RT @starhunny_: SUPERSTAR @rahulvaidya23 \xf0\x9f\x98\x8e\xf0\x9f\x98\x8d\n\nRKV X YO YO @asliyoyo \n\nGive your feedbacks also. \n\n#RahulVaidya #RKVians #RahulVaidyaVM\n@Rahu\xe2\x80\xa6'
2021-05-02 13:30:06,b'JIGAR9904',b'RT @starhunny_: SUPERSTAR @rahulvaidya23 \xf0\x9f\x98\x8e\xf0\x9f\x98\x8d\n\nRKV X YO YO @asliyoyo \n\nGive your feedbacks also. \n\n#RahulVaidya #RKVians #RahulVaidyaVM\n@Rahu\xe2\x80\xa6'
2021-05-02 13:28:17,b'Sumi21471312',b'RT @piyushRkvstan: @starhunny_ @rahulvaidya23 @asliyoyo @RahulOfficialFC @RKVUniverse Superbbbbbb\xf0\x9f\xa4\xa9 mere Pyaare \xf0\x9f\xa5\xb3\xe2\x9d\xa4\xef\xb8\x8f\n\nDear @rahulvaidya23 @di\xe2\x80\xa6'
2021-05-02 13:26:35,b'piyushRkvstan',b'RT @starhunny_: SUPERSTAR @rahulvaidya23 \xf0\x9f\x98\x8e\xf0\x9f\x98\x8d\n\nRKV X YO YO @asliyoyo \n\nGive your feedbacks also. \n\n#RahulVaidya #RKVians #RahulVaidyaVM\n@Rahu\xe2\x80\xa6'
2021-05-02 13:26:25,b'piyushRkvstan',b'@starhunny_ @rahulvaidya23 @asliyoyo @RahulOfficialFC @RKVUniverse Superbbbbbb\xf0\x9f\xa4\xa9 mere Pyaare \xf0\x9f\xa5\xb3\xe2\x9d\xa4\xef\xb8\x8f\n\nDear\xe2\x80\xa6 https://t.co/rKC3cJpOnF'
2021-05-02 13:19:53,b'sima7037302',b'RT @starhunny_: SUPERSTAR @rahulvaidya23 \xf0\x9f\x98\x8e\xf0\x9f\x98\x8d\n\nRKV X YO YO @asliyoyo \n\nGive your feedbacks also. \n\n#RahulVaidya #RKVians #RahulVaidyaVM\n@Rahu\xe2\x80\xa6'
2021-05-02 13:18:22,b'__monalisha_',b'RT @starhunny_: SUPERSTAR @rahulvaidya23 \xf0\x9f\x98\x8e\xf0\x9f\x98\x8d\n\nRKV X YO YO @asliyoyo \n\nGive your feedbacks also. \n\n#RahulVaidya #RKVians #RahulVaidyaVM\n@Rahu\xe2\x80\xa6'
2021-05-02 13:08:59,b'tanya_loves_rkv',b'RT @starhunny_: SUPERSTAR @rahulvaidya23 \xf0\x9f\x98\x8e\xf0\x9f\x98\x8d\n\nRKV X YO YO @asliyoyo \n\nGive your feedbacks also. \n\n#RahulVaidya #RKVians #RahulVaidyaVM\n@Rahu\xe2\x80\xa6'
2021-05-02 13:07:50,b'lovinstar_',b'RT @starhunny_: SUPERSTAR @rahulvaidya23 \xf0\x9f\x98\x8e\xf0\x9f\x98\x8d\n\nRKV X YO YO @asliyoyo \n\nGive your feedbacks also. \n\n#RahulVaidya #RKVians #RahulVaidyaVM\n@Rahu\xe2\x80\xa6'
2021-05-02 13:06:10,b'RKVFan23',b'RT @starhunny_: SUPERSTAR @rahulvaidya23 \xf0\x9f\x98\x8e\xf0\x9f\x98\x8d\n\nRKV X YO YO @asliyoyo \n\nGive your feedbacks also. \n\n#RahulVaidya #RKVians #RahulVaidyaVM\n@Rahu\xe2\x80\xa6'
2021-05-02 13:04:41,b'starhunny_',"b'@stan_ning_ @rahulvaidya23 @asliyoyo @RahulOfficialFC @RKVUniverse no expectations \xf0\x9f\x98\x8c, logo ko psnd aayi vo bht h'"
2021-05-02 12:56:39,b'TheKingRKV1',b'RT @starhunny_: SUPERSTAR @rahulvaidya23 \xf0\x9f\x98\x8e\xf0\x9f\x98\x8d\n\nRKV X YO YO @asliyoyo \n\nGive your feedbacks also. \n\n#RahulVaidya #RKVians #RahulVaidyaVM\n@Rahu\xe2\x80\xa6'
2021-05-02 12:55:57,b'forever_fam_',b'RT @starhunny_: SUPERSTAR @rahulvaidya23 \xf0\x9f\x98\x8e\xf0\x9f\x98\x8d\n\nRKV X YO YO @asliyoyo \n\nGive your feedbacks also. \n\n#RahulVaidya #RKVians #RahulVaidyaVM\n@Rahu\xe2\x80\xa6'
2021-05-02 12:51:52,b'Siya50321210',b'RT @starhunny_: SUPERSTAR @rahulvaidya23 \xf0\x9f\x98\x8e\xf0\x9f\x98\x8d\n\nRKV X YO YO @asliyoyo \n\nGive your feedbacks also. \n\n#RahulVaidya #RKVians #RahulVaidyaVM\n@Rahu\xe2\x80\xa6'
2021-05-02 12:49:58,b'Wilder_MgM',b'RT @starhunny_: SUPERSTAR @rahulvaidya23 \xf0\x9f\x98\x8e\xf0\x9f\x98\x8d\n\nRKV X YO YO @asliyoyo \n\nGive your feedbacks also. \n\n#RahulVaidya #RKVians #RahulVaidyaVM\n@Rahu\xe2\x80\xa6'
2021-05-02 12:48:55,b'imcamila03',b'RT @starhunny_: SUPERSTAR @rahulvaidya23 \xf0\x9f\x98\x8e\xf0\x9f\x98\x8d\n\nRKV X YO YO @asliyoyo \n\nGive your feedbacks also. \n\n#RahulVaidya #RKVians #RahulVaidyaVM\n@Rahu\xe2\x80\xa6'
2021-05-02 12:47:54,b'starhunny_',"b'@stan_ning_ @rahulvaidya23 @asliyoyo @RahulOfficialFC @RKVUniverse \xf0\x9f\xa5\xba\xf0\x9f\xa5\xba nhi dekhte, btw thanks'"
2021-05-02 12:46:10,b'stan_ning_',b'@starhunny_ @rahulvaidya23 @asliyoyo @RahulOfficialFC @RKVUniverse Awesome \xf0\x9f\xa4\xa9\xf0\x9f\x98\x8d\xf0\x9f\x94\xa5\xf0\x9f\x94\xa5\xf0\x9f\x94\xa5\xf0\x9f\x94\xa5 @rahulvaidya23 pls Dekho\xf0\x9f\x98\x8d'
2021-05-02 12:44:42,b'stan_ning_',b'RT @starhunny_: SUPERSTAR @rahulvaidya23 \xf0\x9f\x98\x8e\xf0\x9f\x98\x8d\n\nRKV X YO YO @asliyoyo \n\nGive your feedbacks also. \n\n#RahulVaidya #RKVians #RahulVaidyaVM\n@Rahu\xe2\x80\xa6'
2021-05-02 12:44:18,b'Sai86597665',b'RT @starhunny_: SUPERSTAR @rahulvaidya23 \xf0\x9f\x98\x8e\xf0\x9f\x98\x8d\n\nRKV X YO YO @asliyoyo \n\nGive your feedbacks also. \n\n#RahulVaidya #RKVians #RahulVaidyaVM\n@Rahu\xe2\x80\xa6'
2021-05-02 12:42:22,b'Sumi21471312',b'RT @starhunny_: SUPERSTAR @rahulvaidya23 \xf0\x9f\x98\x8e\xf0\x9f\x98\x8d\n\nRKV X YO YO @asliyoyo \n\nGive your feedbacks also. \n\n#RahulVaidya #RKVians #RahulVaidyaVM\n@Rahu\xe2\x80\xa6'
2021-05-02 12:40:47,b'rkeditor9',b'RT @starhunny_: SUPERSTAR @rahulvaidya23 \xf0\x9f\x98\x8e\xf0\x9f\x98\x8d\n\nRKV X YO YO @asliyoyo \n\nGive your feedbacks also. \n\n#RahulVaidya #RKVians #RahulVaidyaVM\n@Rahu\xe2\x80\xa6'
2021-05-02 12:39:28,b'Nehu74465668',b'RT @starhunny_: SUPERSTAR @rahulvaidya23 \xf0\x9f\x98\x8e\xf0\x9f\x98\x8d\n\nRKV X YO YO @asliyoyo \n\nGive your feedbacks also. \n\n#RahulVaidya #RKVians #RahulVaidyaVM\n@Rahu\xe2\x80\xa6'
2021-05-02 12:32:34,b'NamuxoxoR',b'RT @starhunny_: SUPERSTAR @rahulvaidya23 \xf0\x9f\x98\x8e\xf0\x9f\x98\x8d\n\nRKV X YO YO @asliyoyo \n\nGive your feedbacks also. \n\n#RahulVaidya #RKVians #RahulVaidyaVM\n@Rahu\xe2\x80\xa6'
2021-05-02 12:30:11,b'RahulKiHayat',b'RT @starhunny_: SUPERSTAR @rahulvaidya23 \xf0\x9f\x98\x8e\xf0\x9f\x98\x8d\n\nRKV X YO YO @asliyoyo \n\nGive your feedbacks also. \n\n#RahulVaidya #RKVians #RahulVaidyaVM\n@Rahu\xe2\x80\xa6'
2021-05-02 12:25:09,b'Ultrate66165674',b'RT @starhunny_: SUPERSTAR @rahulvaidya23 \xf0\x9f\x98\x8e\xf0\x9f\x98\x8d\n\nRKV X YO YO @asliyoyo \n\nGive your feedbacks also. \n\n#RahulVaidya #RKVians #RahulVaidyaVM\n@Rahu\xe2\x80\xa6'
2021-05-02 12:19:32,b'iamrealbithi',b'RT @starhunny_: SUPERSTAR @rahulvaidya23 \xf0\x9f\x98\x8e\xf0\x9f\x98\x8d\n\nRKV X YO YO @asliyoyo \n\nGive your feedbacks also. \n\n#RahulVaidya #RKVians #RahulVaidyaVM\n@Rahu\xe2\x80\xa6'
2021-05-02 12:18:49,b'Viraj56512235',b'RT @starhunny_: SUPERSTAR @rahulvaidya23 \xf0\x9f\x98\x8e\xf0\x9f\x98\x8d\n\nRKV X YO YO @asliyoyo \n\nGive your feedbacks also. \n\n#RahulVaidya #RKVians #RahulVaidyaVM\n@Rahu\xe2\x80\xa6'
2021-05-02 12:16:18,b'AnnuYad42606892',b'RT @starhunny_: SUPERSTAR @rahulvaidya23 \xf0\x9f\x98\x8e\xf0\x9f\x98\x8d\n\nRKV X YO YO @asliyoyo \n\nGive your feedbacks also. \n\n#RahulVaidya #RKVians #RahulVaidyaVM\n@Rahu\xe2\x80\xa6'
2021-05-02 12:14:20,b'TeraHuMeinRKV',b'RT @starhunny_: SUPERSTAR @rahulvaidya23 \xf0\x9f\x98\x8e\xf0\x9f\x98\x8d\n\nRKV X YO YO @asliyoyo \n\nGive your feedbacks also. \n\n#RahulVaidya #RKVians #RahulVaidyaVM\n@Rahu\xe2\x80\xa6'
2021-05-02 12:14:17,b'Archana_rkv',b'RT @starhunny_: SUPERSTAR @rahulvaidya23 \xf0\x9f\x98\x8e\xf0\x9f\x98\x8d\n\nRKV X YO YO @asliyoyo \n\nGive your feedbacks also. \n\n#RahulVaidya #RKVians #RahulVaidyaVM\n@Rahu\xe2\x80\xa6'
2021-05-02 12:07:23,b'shuddh_gareeb_0',b'RT @starhunny_: SUPERSTAR @rahulvaidya23 \xf0\x9f\x98\x8e\xf0\x9f\x98\x8d\n\nRKV X YO YO @asliyoyo \n\nGive your feedbacks also. \n\n#RahulVaidya #RKVians #RahulVaidyaVM\n@Rahu\xe2\x80\xa6'
2021-05-02 12:07:11,b'starhunny_',b'@ranting_abt_RKV @rahulvaidya23 @asliyoyo @RahulOfficialFC @RKVUniverse thnx raisha'
2021-05-02 12:06:39,b'h_tiple',b'RT @starhunny_: SUPERSTAR @rahulvaidya23 \xf0\x9f\x98\x8e\xf0\x9f\x98\x8d\n\nRKV X YO YO @asliyoyo \n\nGive your feedbacks also. \n\n#RahulVaidya #RKVians #RahulVaidyaVM\n@Rahu\xe2\x80\xa6'
2021-05-02 12:05:57,b'gauravgk007',b'@starhunny_ @rahulvaidya23 @asliyoyo @RahulOfficialFC @RKVUniverse Hunny\xe2\x9d\xa4\xe2\x9d\xa4'
2021-05-02 12:05:24,b'__Alone__04',b'RT @starhunny_: SUPERSTAR @rahulvaidya23 \xf0\x9f\x98\x8e\xf0\x9f\x98\x8d\n\nRKV X YO YO @asliyoyo \n\nGive your feedbacks also. \n\n#RahulVaidya #RKVians #RahulVaidyaVM\n@Rahu\xe2\x80\xa6'
2021-05-02 12:03:47,b'RahulFan__Sagar',b'RT @starhunny_: SUPERSTAR @rahulvaidya23 \xf0\x9f\x98\x8e\xf0\x9f\x98\x8d\n\nRKV X YO YO @asliyoyo \n\nGive your feedbacks also. \n\n#RahulVaidya #RKVians #RahulVaidyaVM\n@Rahu\xe2\x80\xa6'
2021-05-02 12:03:44,b'RahulFan__Sagar',b'@starhunny_ @rahulvaidya23 @asliyoyo @RahulOfficialFC @RKVUniverse Bruh \xf0\x9f\x94\xa5\xf0\x9f\x94\xa5'
2021-05-02 12:03:17,b'AminSheikh_AV',b'@starhunny_ @rahulvaidya23 @asliyoyo @RahulOfficialFC @RKVUniverse Amazing \xe2\x9d\xa4\xef\xb8\x8f'
2021-05-02 12:03:15,b'starhunny_',"b""@Niveditaxlove @rahulvaidya23 @asliyoyo @RahulOfficialFC @RKVUniverse \xf0\x9f\xa5\xba\xf0\x9f\xa5\xba i m happy that people are liking it.. that's enough \xe2\x9d\xa4\n\nThanks"""
2021-05-02 12:02:54,b'AminSheikh_AV',b'RT @starhunny_: SUPERSTAR @rahulvaidya23 \xf0\x9f\x98\x8e\xf0\x9f\x98\x8d\n\nRKV X YO YO @asliyoyo \n\nGive your feedbacks also. \n\n#RahulVaidya #RKVians #RahulVaidyaVM\n@Rahu\xe2\x80\xa6'
2021-05-02 12:02:35,b'Stan_rkv',b'RT @starhunny_: SUPERSTAR @rahulvaidya23 \xf0\x9f\x98\x8e\xf0\x9f\x98\x8d\n\nRKV X YO YO @asliyoyo \n\nGive your feedbacks also. \n\n#RahulVaidya #RKVians #RahulVaidyaVM\n@Rahu\xe2\x80\xa6'
2021-05-02 12:02:32,b'starhunny_',b'@sassy_point @rahulvaidya23 @asliyoyo @RahulOfficialFC @RKVUniverse thnks sassy \xe2\x9d\xa4'
2021-05-02 12:01:47,b'starhunny_',b'@rkvwonhearts @rahulvaidya23 @asliyoyo @RahulOfficialFC @RKVUniverse thnks bhai \xf0\x9f\x98\x8d\xf0\x9f\x94\xa5'
2021-05-02 12:01:44,b'Niveditaxlove',b'@starhunny_ @rahulvaidya23 @asliyoyo @RahulOfficialFC @RKVUniverse @rahulvaidya23 you have to see this \xf0\x9f\xa5\xb5\xf0\x9f\xa5\xba'
2021-05-02 12:01:36,b'kurashi_sajid',"b""@KapilSharmaK9 @asliyoyo sar I'm your biggest fan please give me a chance please sar"""
2021-05-02 12:01:32,b'jindal_madhuri',b'RT @starhunny_: SUPERSTAR @rahulvaidya23 \xf0\x9f\x98\x8e\xf0\x9f\x98\x8d\n\nRKV X YO YO @asliyoyo \n\nGive your feedbacks also. \n\n#RahulVaidya #RKVians #RahulVaidyaVM\n@Rahu\xe2\x80\xa6'
2021-05-02 12:01:18,b'starhunny_',b'@Rahul_Ka_PR @rahulvaidya23 @asliyoyo @RahulOfficialFC @RKVUniverse thanks bro \xe2\x9d\xa4'
2021-05-02 12:01:11,b'sassy_point',b'@starhunny_ @rahulvaidya23 @asliyoyo @RahulOfficialFC @RKVUniverse Too good\xe2\x9d\xa4'
2021-05-02 12:01:10,b'Alis_Navadiya_',b'RT @starhunny_: SUPERSTAR @rahulvaidya23 \xf0\x9f\x98\x8e\xf0\x9f\x98\x8d\n\nRKV X YO YO @asliyoyo \n\nGive your feedbacks also. \n\n#RahulVaidya #RKVians #RahulVaidyaVM\n@Rahu\xe2\x80\xa6'
2021-05-02 12:01:05,b'Smile_Please33',b'RT @starhunny_: SUPERSTAR @rahulvaidya23 \xf0\x9f\x98\x8e\xf0\x9f\x98\x8d\n\nRKV X YO YO @asliyoyo \n\nGive your feedbacks also. \n\n#RahulVaidya #RKVians #RahulVaidyaVM\n@Rahu\xe2\x80\xa6'
2021-05-02 12:00:37,b'phenomenal126',b'RT @starhunny_: SUPERSTAR @rahulvaidya23 \xf0\x9f\x98\x8e\xf0\x9f\x98\x8d\n\nRKV X YO YO @asliyoyo \n\nGive your feedbacks also. \n\n#RahulVaidya #RKVians #RahulVaidyaVM\n@Rahu\xe2\x80\xa6'
2021-05-02 12:00:27,b'sassy_point',b'RT @starhunny_: SUPERSTAR @rahulvaidya23 \xf0\x9f\x98\x8e\xf0\x9f\x98\x8d\n\nRKV X YO YO @asliyoyo \n\nGive your feedbacks also. \n\n#RahulVaidya #RKVians #RahulVaidyaVM\n@Rahu\xe2\x80\xa6'
2021-05-02 12:00:20,b'ummedzz',b'RT @starhunny_: SUPERSTAR @rahulvaidya23 \xf0\x9f\x98\x8e\xf0\x9f\x98\x8d\n\nRKV X YO YO @asliyoyo \n\nGive your feedbacks also. \n\n#RahulVaidya #RKVians #RahulVaidyaVM\n@Rahu\xe2\x80\xa6'
2021-05-02 12:00:03,b'Niveditaxlove',b'RT @starhunny_: SUPERSTAR @rahulvaidya23 \xf0\x9f\x98\x8e\xf0\x9f\x98\x8d\n\nRKV X YO YO @asliyoyo \n\nGive your feedbacks also. \n\n#RahulVaidya #RKVians #RahulVaidyaVM\n@Rahu\xe2\x80\xa6'
2021-05-02 11:59:59,b'Rahul_Ka_PR',b'@starhunny_ @rahulvaidya23 @asliyoyo @RahulOfficialFC @RKVUniverse Amazing\xf0\x9f\x92\x96'
2021-05-02 11:59:50,b'satishahir9811',b'RT @starhunny_: SUPERSTAR @rahulvaidya23 \xf0\x9f\x98\x8e\xf0\x9f\x98\x8d\n\nRKV X YO YO @asliyoyo \n\nGive your feedbacks also. \n\n#RahulVaidya #RKVians #RahulVaidyaVM\n@Rahu\xe2\x80\xa6'
2021-05-02 11:59:41,b'rkvwonhearts',b'RT @starhunny_: SUPERSTAR @rahulvaidya23 \xf0\x9f\x98\x8e\xf0\x9f\x98\x8d\n\nRKV X YO YO @asliyoyo \n\nGive your feedbacks also. \n\n#RahulVaidya #RKVians #RahulVaidyaVM\n@Rahu\xe2\x80\xa6'
2021-05-02 11:59:37,b'Rahul_Ka_PR',b'RT @starhunny_: SUPERSTAR @rahulvaidya23 \xf0\x9f\x98\x8e\xf0\x9f\x98\x8d\n\nRKV X YO YO @asliyoyo \n\nGive your feedbacks also. \n\n#RahulVaidya #RKVians #RahulVaidyaVM\n@Rahu\xe2\x80\xa6'
2021-05-02 11:59:33,b'itsShivam18',b'RT @starhunny_: SUPERSTAR @rahulvaidya23 \xf0\x9f\x98\x8e\xf0\x9f\x98\x8d\n\nRKV X YO YO @asliyoyo \n\nGive your feedbacks also. \n\n#RahulVaidya #RKVians #RahulVaidyaVM\n@Rahu\xe2\x80\xa6'
2021-05-02 11:59:15,b'_dark_crusader',b'RT @starhunny_: SUPERSTAR @rahulvaidya23 \xf0\x9f\x98\x8e\xf0\x9f\x98\x8d\n\nRKV X YO YO @asliyoyo \n\nGive your feedbacks also. \n\n#RahulVaidya #RKVians #RahulVaidyaVM\n@Rahu\xe2\x80\xa6'
2021-05-02 11:58:50,b'SyedRiz34038436',b'RT @starhunny_: SUPERSTAR @rahulvaidya23 \xf0\x9f\x98\x8e\xf0\x9f\x98\x8d\n\nRKV X YO YO @asliyoyo \n\nGive your feedbacks also. \n\n#RahulVaidya #RKVians #RahulVaidyaVM\n@Rahu\xe2\x80\xa6'
2021-05-02 11:58:41,b'starhunny_',b'SUPERSTAR @rahulvaidya23 \xf0\x9f\x98\x8e\xf0\x9f\x98\x8d\n\nRKV X YO YO @asliyoyo \n\nGive your feedbacks also. \n\n#RahulVaidya #RKVians\xe2\x80\xa6 https://t.co/7NT38lz3ch'
2021-05-02 10:28:55,b'surinde46294405',b'RT @satti_johal: #ElectionResults\n#\xe0\xa4\xa8\xe0\xa4\xb0\xe0\xa5\x87\xe0\xa4\x82\xe0\xa4\xa6\xe0\xa5\x8d\xe0\xa4\xb0_\xe0\xa4\xae\xe0\xa5\x8b\xe0\xa4\xa6\xe0\xa5\x80_\xe0\xa4\x97\xe0\xa5\x8d\xe0\xa4\xb2\xe0\xa5\x8b\xe0\xa4\xac\xe0\xa4\xb2_\xe0\xa4\xaa\xe0\xa4\xaa\xe0\xa5\x8d\xe0\xa4\xaa\xe0\xa5\x82\n\nThis video perfectly fit in  #BengalElection2021 @jazzyb @BabbuMaan @asliyoyo\xe2\x80\xa6'
2021-05-02 10:19:25,b'bdhillon0011',b'RT @satti_johal: #ElectionResults\n#\xe0\xa4\xa8\xe0\xa4\xb0\xe0\xa5\x87\xe0\xa4\x82\xe0\xa4\xa6\xe0\xa5\x8d\xe0\xa4\xb0_\xe0\xa4\xae\xe0\xa5\x8b\xe0\xa4\xa6\xe0\xa5\x80_\xe0\xa4\x97\xe0\xa5\x8d\xe0\xa4\xb2\xe0\xa5\x8b\xe0\xa4\xac\xe0\xa4\xb2_\xe0\xa4\xaa\xe0\xa4\xaa\xe0\xa5\x8d\xe0\xa4\xaa\xe0\xa5\x82\n\nThis video perfectly fit in  #BengalElection2021 @jazzyb @BabbuMaan @asliyoyo\xe2\x80\xa6'
2021-05-02 09:45:42,b'Sandy88604269',b'RT @satti_johal: #ElectionResults\n#\xe0\xa4\xa8\xe0\xa4\xb0\xe0\xa5\x87\xe0\xa4\x82\xe0\xa4\xa6\xe0\xa5\x8d\xe0\xa4\xb0_\xe0\xa4\xae\xe0\xa5\x8b\xe0\xa4\xa6\xe0\xa5\x80_\xe0\xa4\x97\xe0\xa5\x8d\xe0\xa4\xb2\xe0\xa5\x8b\xe0\xa4\xac\xe0\xa4\xb2_\xe0\xa4\xaa\xe0\xa4\xaa\xe0\xa5\x8d\xe0\xa4\xaa\xe0\xa5\x82\n\nThis video perfectly fit in  #BengalElection2021 @jazzyb @BabbuMaan @asliyoyo\xe2\x80\xa6'
2021-05-02 09:45:20,b'sanmeet59747583',b'@satti_johal @jazzyb @BabbuMaan @asliyoyo @diljitdosanjh @ishehnaaz_gill @Its_Badshah @iamsunnydeol @GuruOfficial C\xe2\x80\xa6 https://t.co/OiVQi4sGby'
2021-05-02 09:44:11,b'SattiTalwan',b'#ElectionResults\n#\xe0\xa4\xa8\xe0\xa4\xb0\xe0\xa5\x87\xe0\xa4\x82\xe0\xa4\xa6\xe0\xa5\x8d\xe0\xa4\xb0_\xe0\xa4\xae\xe0\xa5\x8b\xe0\xa4\xa6\xe0\xa5\x80_\xe0\xa4\x97\xe0\xa5\x8d\xe0\xa4\xb2\xe0\xa5\x8b\xe0\xa4\xac\xe0\xa4\xb2_\xe0\xa4\xaa\xe0\xa4\xaa\xe0\xa5\x8d\xe0\xa4\xaa\xe0\xa5\x82\n\nThis video perfectly fit in  #BengalElection2021 @jazzyb @BabbuMaan\xe2\x80\xa6 https://t.co/pgIKhrV4Af'
2021-05-02 09:35:40,b'imgagancrush231',b'@asliyoyo Hey guyz all are staying at home due to covid-19 and no source of income in covid if yes i have a good ne\xe2\x80\xa6 https://t.co/rLa6EsSfPL'
2021-05-02 09:08:40,b'RaviSha89023165',b'@asliyoyo \n@raftaarmusic \n@emiwaytweets \nRequest your support to help this talent grow.'
2021-05-02 09:06:54,b'RaviSha89023165',"b""@raftaarmusic @asliyoyo\n@emiwaytweets \nPlease listen to this track.\nFeels like he's somewhat special with his writi\xe2\x80\xa6 https://t.co/zG1euxoDOz"""
2021-05-02 08:57:12,b'AkashAdlak6',b'Feeling betrayed. Insted of #NoraFatehi song you put @asliyoyo song @_SanjayGupta. Why? And that too in a\xe2\x80\xa6 https://t.co/BhqD1hIl6y'
2021-05-02 07:36:20,b'YoYoHSTweets',b'RT @pahelvaan: MY FAVORITE PIC\n ONLY YO YO HONEY SINGH \xf0\x9f\x98\x8d\xf0\x9f\x98\x8d\n@asliyoyo https://t.co/tw026P5sh8'
2021-05-02 07:10:05,b'MovifiedBolly',b'.@SrBachchan @juniorbachchan @Asli_Jacqueline @asliyoyo @Its_Badshah @sachin_rt @imVkohli @AnushkaSharma please hel\xe2\x80\xa6 https://t.co/AvBKfyDcWp'
2021-05-02 05:22:22,b'tweetmeakky',b'@SanjeevAnand111 @gurdasmaan @MikaSingh @dalermehndi @JJassiOfficial @asliyoyo @KapilSharmaK9 @kamaljitneeru\xe2\x80\xa6 https://t.co/y0GXkngGqy'
2021-05-02 05:09:41,b'FSinghawansa',b'RT @ijassmanak1: Hahah omg wht r u saying paji \xf0\x9f\x99\x8f\xf0\x9f\x8f\xbb\xe2\x9d\xa4\xef\xb8\x8f @asliyoyo congratulations paji \xf0\x9f\x99\x8f\xf0\x9f\x8f\xbb https://t.co/tP6LpXKbiQ'
2021-05-02 04:44:17,b'AkdRkv',"b'RT @starhunny_: @rahulvaidya23 reply in a song \xf0\x9f\x98\x8c\xe2\x9d\xa4. \n\nBoth have struggle a lot, and both are the very popular faces of india and music indus\xe2\x80\xa6'"
2021-05-02 04:35:09,b'Jhuna_24615939',"b'RT @starhunny_: @rahulvaidya23 reply in a song \xf0\x9f\x98\x8c\xe2\x9d\xa4. \n\nBoth have struggle a lot, and both are the very popular faces of india and music indus\xe2\x80\xa6'"
2021-05-01 19:48:45,b'iRitu23032001',"b'RT @starhunny_: @rahulvaidya23 reply in a song \xf0\x9f\x98\x8c\xe2\x9d\xa4. \n\nBoth have struggle a lot, and both are the very popular faces of india and music indus\xe2\x80\xa6'"
2021-05-01 15:52:30,b'jchaurasia26',b'RT @yyhoneysingh_15: More update to follow \xf0\x9f\x91\x89\xf0\x9f\x91\x87\n@yyhoneysingh_15 @yyhoneysingh_15 \n@yyhoneysingh_15 @yyhoneysingh_15\n#yoyopaji #yoyo #yoyofan\xe2\x80\xa6'
2021-05-01 15:49:39,b'yyhoneysingh_15',b'RT @GuruOfficial: First time ever @asliyoyo and @GuruOfficial coming for a song together \xf0\x9f\x92\xa5\nMake some Extra noise \xf0\x9f\x92\xa5 https://t.co/xie8DewHBb'
2021-05-01 15:49:19,b'yyhoneysingh_15',"b'RT @youtubemusic: India and Latin America rule the Top 100 Songs Global Charts this week \xf0\x9f\x8c\x8e Listen to popular hits by @asliyoyo, @sanbenito\xe2\x80\xa6'"
2021-05-01 15:46:00,b'honeysinghfb',b'@yyhoneysingh_15 @asliyoyo @Nushrratt @iAmNehaKakkar thanks..'
2021-05-01 15:43:31,b'yyhoneysingh_15',b'@honeysinghfb @asliyoyo @Nushrratt @iAmNehaKakkar Done bro \xf0\x9f\x91\x8d'
2021-05-01 15:42:56,b'honeysinghfb',b'@yyhoneysingh_15 @asliyoyo @Nushrratt @iAmNehaKakkar follow back bro'
2021-05-01 15:16:24,b'yyhoneysingh_15',b'More update to follow \xf0\x9f\x91\x89\xf0\x9f\x91\x87\n@yyhoneysingh_15 @yyhoneysingh_15 \n@yyhoneysingh_15 @yyhoneysingh_15\n#yoyopaji #yoyo\xe2\x80\xa6 https://t.co/qzaq8R9bXT'
2021-05-01 15:14:58,b'yyhoneysingh_15',b'RT @honeysinghfb: @yyhoneysingh_15 @asliyoyo @Nushrratt @iAmNehaKakkar follow me. for fb..lets support each other.'
2021-05-01 13:46:37,b'forever_fam_',"b'RT @starhunny_: @rahulvaidya23 reply in a song \xf0\x9f\x98\x8c\xe2\x9d\xa4. \n\nBoth have struggle a lot, and both are the very popular faces of india and music indus\xe2\x80\xa6'"
2021-05-01 13:36:46,b'RockingStarSuR5',"b'RT @starhunny_: @rahulvaidya23 reply in a song \xf0\x9f\x98\x8c\xe2\x9d\xa4. \n\nBoth have struggle a lot, and both are the very popular faces of india and music indus\xe2\x80\xa6'"
2021-05-01 11:48:58,b'NehaYad49040965',"b'RT @starhunny_: @rahulvaidya23 reply in a song \xf0\x9f\x98\x8c\xe2\x9d\xa4. \n\nBoth have struggle a lot, and both are the very popular faces of india and music indus\xe2\x80\xa6'"
2021-05-01 11:46:52,b'Suhanis84298882',"b'RT @starhunny_: @rahulvaidya23 reply in a song \xf0\x9f\x98\x8c\xe2\x9d\xa4. \n\nBoth have struggle a lot, and both are the very popular faces of india and music indus\xe2\x80\xa6'"
2021-05-01 11:19:23,b'JIGAR9904',"b'RT @starhunny_: @rahulvaidya23 reply in a song \xf0\x9f\x98\x8c\xe2\x9d\xa4. \n\nBoth have struggle a lot, and both are the very popular faces of india and music indus\xe2\x80\xa6'"
2021-05-01 10:46:23,b'_Aliyakhan_',"b'RT @starhunny_: @rahulvaidya23 reply in a song \xf0\x9f\x98\x8c\xe2\x9d\xa4. \n\nBoth have struggle a lot, and both are the very popular faces of india and music indus\xe2\x80\xa6'"
2021-05-01 10:38:28,b'jaankumarr999',"b'RT @starhunny_: @rahulvaidya23 reply in a song \xf0\x9f\x98\x8c\xe2\x9d\xa4. \n\nBoth have struggle a lot, and both are the very popular faces of india and music indus\xe2\x80\xa6'"
2021-05-01 10:33:12,b'RKV_world',"b'RT @starhunny_: @rahulvaidya23 reply in a song \xf0\x9f\x98\x8c\xe2\x9d\xa4. \n\nBoth have struggle a lot, and both are the very popular faces of india and music indus\xe2\x80\xa6'"
2021-05-01 10:30:12,b'Viraj56512235',"b'RT @starhunny_: @rahulvaidya23 reply in a song \xf0\x9f\x98\x8c\xe2\x9d\xa4. \n\nBoth have struggle a lot, and both are the very popular faces of india and music indus\xe2\x80\xa6'"
2021-05-01 10:22:47,b'Sonalvasava18',"b'RT @starhunny_: @rahulvaidya23 reply in a song \xf0\x9f\x98\x8c\xe2\x9d\xa4. \n\nBoth have struggle a lot, and both are the very popular faces of india and music indus\xe2\x80\xa6'"
2021-05-01 10:18:00,b'RKVian_Rutika',"b'RT @starhunny_: @rahulvaidya23 reply in a song \xf0\x9f\x98\x8c\xe2\x9d\xa4. \n\nBoth have struggle a lot, and both are the very popular faces of india and music indus\xe2\x80\xa6'"
2021-05-01 10:11:14,b'Archana_rkv',"b'RT @starhunny_: @rahulvaidya23 reply in a song \xf0\x9f\x98\x8c\xe2\x9d\xa4. \n\nBoth have struggle a lot, and both are the very popular faces of india and music indus\xe2\x80\xa6'"
2021-05-01 10:06:30,b'AshishB04752248',b'@asliyoyo sir please share... https://t.co/jLhBx7trCo'
2021-05-01 10:03:37,b'AnksItsEmotion',"b'RT @starhunny_: @rahulvaidya23 reply in a song \xf0\x9f\x98\x8c\xe2\x9d\xa4. \n\nBoth have struggle a lot, and both are the very popular faces of india and music indus\xe2\x80\xa6'"
2021-05-01 09:50:02,b'Radhika32991317',"b'RT @starhunny_: @rahulvaidya23 reply in a song \xf0\x9f\x98\x8c\xe2\x9d\xa4. \n\nBoth have struggle a lot, and both are the very popular faces of india and music indus\xe2\x80\xa6'"
2021-05-01 09:49:41,b'rubi_pankha',"b'RT @starhunny_: @rahulvaidya23 reply in a song \xf0\x9f\x98\x8c\xe2\x9d\xa4. \n\nBoth have struggle a lot, and both are the very popular faces of india and music indus\xe2\x80\xa6'"
2021-05-01 09:42:16,b'KrishaRKV',"b'RT @starhunny_: @rahulvaidya23 reply in a song \xf0\x9f\x98\x8c\xe2\x9d\xa4. \n\nBoth have struggle a lot, and both are the very popular faces of india and music indus\xe2\x80\xa6'"
2021-05-01 09:34:41,b'Ankita30RKV',"b'RT @starhunny_: @rahulvaidya23 reply in a song \xf0\x9f\x98\x8c\xe2\x9d\xa4. \n\nBoth have struggle a lot, and both are the very popular faces of india and music indus\xe2\x80\xa6'"
2021-05-01 09:30:06,b'honeysinghfb',b'@yyhoneysingh_15 @asliyoyo @Nushrratt @iAmNehaKakkar follow me. for fb..lets support each other.'
2021-05-01 09:20:03,b'TheKingRKV1',"b'RT @starhunny_: @rahulvaidya23 reply in a song \xf0\x9f\x98\x8c\xe2\x9d\xa4. \n\nBoth have struggle a lot, and both are the very popular faces of india and music indus\xe2\x80\xa6'"
2021-05-01 09:13:21,b'Evaarai',"b'RT @starhunny_: @rahulvaidya23 reply in a song \xf0\x9f\x98\x8c\xe2\x9d\xa4. \n\nBoth have struggle a lot, and both are the very popular faces of india and music indus\xe2\x80\xa6'"
2021-05-01 09:13:17,b'Evaarai',b'@starhunny_ @rahulvaidya23 @asliyoyo Woww loved it \xf0\x9f\x94\xa5\xf0\x9f\x94\xa5Its apt \nBookmark\xf0\x9f\x99\x8c\n#RahulVaidya #RKVians'
2021-05-01 09:09:32,b'MS1167248349',"b'RT @starhunny_: @rahulvaidya23 reply in a song \xf0\x9f\x98\x8c\xe2\x9d\xa4. \n\nBoth have struggle a lot, and both are the very popular faces of india and music indus\xe2\x80\xa6'"
2021-05-01 09:07:50,b'honeysinghfb',"b'RT @starhunny_: @rahulvaidya23 reply in a song \xf0\x9f\x98\x8c\xe2\x9d\xa4. \n\nBoth have struggle a lot, and both are the very popular faces of india and music indus\xe2\x80\xa6'"
2021-05-01 09:06:42,b'imcamila03',"b'RT @starhunny_: @rahulvaidya23 reply in a song \xf0\x9f\x98\x8c\xe2\x9d\xa4. \n\nBoth have struggle a lot, and both are the very popular faces of india and music indus\xe2\x80\xa6'"
2021-05-01 09:04:23,b'satishahir9811',"b'RT @starhunny_: @rahulvaidya23 reply in a song \xf0\x9f\x98\x8c\xe2\x9d\xa4. \n\nBoth have struggle a lot, and both are the very popular faces of india and music indus\xe2\x80\xa6'"
2021-05-01 09:04:07,b'RKVFan23',"b'RT @starhunny_: @rahulvaidya23 reply in a song \xf0\x9f\x98\x8c\xe2\x9d\xa4. \n\nBoth have struggle a lot, and both are the very popular faces of india and music indus\xe2\x80\xa6'"
2021-05-01 09:03:19,b'h_tiple',"b'RT @starhunny_: @rahulvaidya23 reply in a song \xf0\x9f\x98\x8c\xe2\x9d\xa4. \n\nBoth have struggle a lot, and both are the very popular faces of india and music indus\xe2\x80\xa6'"
2021-05-01 09:02:19,b'AnjaliP08287077',"b'RT @starhunny_: @rahulvaidya23 reply in a song \xf0\x9f\x98\x8c\xe2\x9d\xa4. \n\nBoth have struggle a lot, and both are the very popular faces of india and music indus\xe2\x80\xa6'"
2021-05-01 09:01:57,b'Siya50321210',"b'RT @starhunny_: @rahulvaidya23 reply in a song \xf0\x9f\x98\x8c\xe2\x9d\xa4. \n\nBoth have struggle a lot, and both are the very popular faces of india and music indus\xe2\x80\xa6'"
2021-05-01 09:01:54,b'AnjaliP08287077',b'@starhunny_ @ranting_abt_RKV @rahulvaidya23 @asliyoyo On point \xf0\x9f\x94\xa5\xf0\x9f\x94\xa5'
2021-05-01 09:01:23,b'Smile_Of_RKV',"b'RT @starhunny_: @rahulvaidya23 reply in a song \xf0\x9f\x98\x8c\xe2\x9d\xa4. \n\nBoth have struggle a lot, and both are the very popular faces of india and music indus\xe2\x80\xa6'"
2021-05-01 09:01:17,b'NehaRKVian',"b'RT @starhunny_: @rahulvaidya23 reply in a song \xf0\x9f\x98\x8c\xe2\x9d\xa4. \n\nBoth have struggle a lot, and both are the very popular faces of india and music indus\xe2\x80\xa6'"
2021-05-01 09:00:13,b'SnehaThinks',b'@starhunny_ @rahulvaidya23 @asliyoyo Wow .. this is cool\n\nOn point. \xf0\x9f\x91\x8d\xf0\x9f\x91\x8d\xf0\x9f\x91\x8f\xf0\x9f\x91\x8f\xf0\x9f\x91\x8f'
2021-05-01 08:59:42,b'Stan_rkv',"b'RT @starhunny_: @rahulvaidya23 reply in a song \xf0\x9f\x98\x8c\xe2\x9d\xa4. \n\nBoth have struggle a lot, and both are the very popular faces of india and music indus\xe2\x80\xa6'"
2021-05-01 08:59:42,b'_Ultimate_beast',"b'RT @starhunny_: @rahulvaidya23 reply in a song \xf0\x9f\x98\x8c\xe2\x9d\xa4. \n\nBoth have struggle a lot, and both are the very popular faces of india and music indus\xe2\x80\xa6'"
2021-05-01 08:59:11,b'Hima4921',"b'RT @starhunny_: @rahulvaidya23 reply in a song \xf0\x9f\x98\x8c\xe2\x9d\xa4. \n\nBoth have struggle a lot, and both are the very popular faces of india and music indus\xe2\x80\xa6'"
2021-05-01 08:58:53,b'__Alone__04',"b'RT @starhunny_: @rahulvaidya23 reply in a song \xf0\x9f\x98\x8c\xe2\x9d\xa4. \n\nBoth have struggle a lot, and both are the very popular faces of india and music indus\xe2\x80\xa6'"
2021-05-01 08:58:28,b'starhunny_',"b'@rahulvaidya23 reply in a song \xf0\x9f\x98\x8c\xe2\x9d\xa4. \n\nBoth have struggle a lot, and both are the very popular faces of india and mus\xe2\x80\xa6 https://t.co/c06KmsfEYS'"
2021-05-01 07:38:05,b'RajatAthwal3',"b'.No matter how good or bed your Life is, wake up each morning\xe2\x98\x80\xef\xb8\x8f and be thankful that you still have one...\xe2\x80\xa6 https://t.co/KuMmwCqZCT'"
2021-05-01 06:56:18,b'Fruti_309',b'RT @Fruti_309: Make Some Noise For Desi Boyz \xf0\x9f\x94\xa5\n@GuruOfficial &amp; @asliyoyo coming together with blast \xe2\x9d\xa4\xef\xb8\x8f\xf0\x9f\x92\xa5 \n#GuruRandhawa #YoYoHoneySingh #Gur\xe2\x80\xa6'
2021-05-01 06:47:43,b'kaps_hunt',"b'@MamataOfficial The youngest son of\xc2\xa0Guru\xc2\xa0Hargobind, Sri Guru Gobind Singh was publicly\xc2\xa0killed\xc2\xa0in 1675 on d orders o\xe2\x80\xa6 https://t.co/uL2rYK6jW3'"
2021-05-01 06:06:41,b'yyhoneysingh_15',b'More update to follow \xf0\x9f\x91\x89\xf0\x9f\x91\x87\n@yyhoneysingh_15 @yyhoneysingh_15 \n@yyhoneysingh_15 @yyhoneysingh_15\n#yoyopaji #yoyo\xe2\x80\xa6 https://t.co/yYgUoZjNen'
2021-05-01 05:33:26,b'Snayaarya36rv9',b'RT @shehnaaz_487: My edit video \xe2\x98\xba\xef\xb8\x8f\xf0\x9f\x92\x96\n@ishehnaaz_gill X @asliyoyo https://t.co/A8viHIUcue'
2021-05-01 04:47:49,b'SunilKu92897345',b'@asliyoyo  Hello mam please help me l need job please'
2021-05-01 04:45:49,b'SunilKu92897345',b'@asliyoyo  sir please I need job please help me'
2021-05-01 04:31:58,b'PreetSh_1616',b'RT @shehnaaz_487: My edit video \xe2\x98\xba\xef\xb8\x8f\xf0\x9f\x92\x96\n@ishehnaaz_gill X @asliyoyo https://t.co/A8viHIUcue'
2021-05-01 04:25:06,b'CuteGir72718448',"b""RT @GuruOfficial: I really want to hear your #moodsongs. Let's fill the timeline with music this World Music Day, we could all use it! I'm\xe2\x80\xa6"""
2021-05-01 03:34:11,b'kaul_me_SARTHAK',b'@atharvaa009 @asliyoyo Here i am \xf0\x9f\x98\x8c\xf0\x9f\x86\x92...'
2021-05-01 03:33:50,b'kaul_me_SARTHAK',"b""RT @atharvaa009: You were a cool kid in your school if you had honey singh's songs byheart!\xf0\x9f\x92\xab\xf0\x9f\x98\x82\n@asliyoyo"""
2021-05-01 02:20:19,b'niloysinha8',b'@TSeries @asliyoyo @Nushrratt @iAmNehaKakkar @itsmihirgulati @RdmMedia @TSeries  @ Sony Entertainment Ltd'
2021-04-30 16:57:08,b'Muskan05005963',b'RT @shehnaaz_487: My edit video \xe2\x98\xba\xef\xb8\x8f\xf0\x9f\x92\x96\n@ishehnaaz_gill X @asliyoyo https://t.co/A8viHIUcue'
2021-04-30 16:43:12,b'Zebaqureshisk',"b'RT @gaana: Yo! There is even philosophy behind the ""Yo""!\xe2\x80\x8b \n\n#MusicalMondayFacts @asliyoyo https://t.co/tOEI5dpQbu'"
2021-04-30 16:43:09,b'Zebaqureshisk',b'RT @asliyoyo: #jinglebell has crossed 15 Million views on YouTube . Keep loving and keep sharing . \n\n#hommiedilliwala ft. #yoyohoneysingh h\xe2\x80\xa6'
2021-04-30 16:43:04,b'Zebaqureshisk',b'RT @asliyoyo: Belated #HappyBirthday @gurdasmaan sir - much love -  Yo Yo https://t.co/7eKLFbb6yD'
2021-04-30 16:42:59,b'Zebaqureshisk',b'RT @asliyoyo: Wishing a very Happy Birthday to beautiful @deepikapadukone - Yo Yo https://t.co/3lAaV4wjjm'
2021-04-30 16:42:55,b'Zebaqureshisk',b'RT @asliyoyo: Wish you all a very #HappyLohri #HappyLohri2021 https://t.co/tuQXNm76U1'
2021-04-30 16:42:52,b'Zebaqureshisk',b'RT @asliyoyo: Time to reveal all. #SaiyaanJi is coming to make you all dance your hearts out! Releasing on 27th January! \nStarring @Nushrra\xe2\x80\xa6'
2021-04-30 16:42:39,b'Zebaqureshisk',b'RT @asliyoyo: Should we drop the teaser for #SaiyaanJi ? What do you say? Comment your answers! \xf0\x9f\xa4\xa9\n\n#tseries @TSeries #BhushanKumar @Nushrra\xe2\x80\xa6'
2021-04-30 16:42:32,b'Zebaqureshisk',b'RT @asliyoyo: #SaiyaanJi teaser out now !!\nReleasing on 27th January ! Stay Tuned!\n#tseries @TSeries #BhushanKumar @Nushrratt @iAmNehaKakka\xe2\x80\xa6'
2021-04-30 16:42:28,b'Zebaqureshisk',b'RT @asliyoyo: It\xe2\x80\x99s me and @Nushrratt on the sets of #SaiyaanJi. Watch the sneak-peak and the fun chit chats that went in the making of this\xe2\x80\xa6'
2021-04-30 16:42:24,b'Zebaqureshisk',b'RT @Nushrratt: Here\xe2\x80\x99s a sneak-peak showing all the fun and toil that went into the making of #SaiyaanJi! Releasing on 27th January!\n\n#TSeri\xe2\x80\xa6'
2021-04-30 16:42:15,b'Zebaqureshisk',b'RT @asliyoyo: #SaiyaanJi Teaser 2 Out Tomorrow !!\n#tseries @TSeries #BhushanKumar @Nushrratt @iAmNehaKakkar @itsmihirgulati #LilGolu #Hommi\xe2\x80\xa6'
2021-04-30 16:42:11,b'Zebaqureshisk',"b'RT @asliyoyo: #SaiyaanJi Teaser 2 OUT NOW !! \nSong releasing on 27th January, Keep it locked !!\n\n#tseries @TSeries #BhushanKumar @Nushrratt\xe2\x80\xa6'"
2021-04-30 16:42:07,b'Zebaqureshisk',b'RT @asliyoyo: #SaiyaanJi teaser is already trending on YouTube. Are you excited? Only 2 days to go . Releasing on 27th January! \n\n#tseries\xe2\x80\xa6'
2021-04-30 16:42:07,b'TheMountainLust',b'RT @asliyoyo: My prayers are with the people of #Uttarakhand. Deeply saddened to know about the flash flood caused by glacier burst in Cham\xe2\x80\xa6'
2021-04-30 16:42:02,b'Zebaqureshisk',b'RT @asliyoyo: One day to go for #SaiyaanJi \n#tseries @TSeries #BhushanKumar @Nushrratt @iAmNehaKakkar @itsmihirgulati #LilGolu #HommieDilli\xe2\x80\xa6'
2021-04-30 16:42:00,b'Zebaqureshisk',b'RT @asliyoyo: The temperature is soaring cuz it\xe2\x80\x99s just 1 day to go for #SaiyaanJi \xf0\x9f\x94\xa5.Song releasing on 27th January! \n\n#tseries @TSeries #Bh\xe2\x80\xa6'
2021-04-30 16:41:55,b'Zebaqureshisk',b'RT @asliyoyo: Happy Republic Day !! https://t.co/IYcTvnKnNZ'
2021-04-30 16:41:51,b'Zebaqureshisk',b'RT @asliyoyo: Get Ready to Go Crazy!!\n#SaiyaanJi Out Now !!! \nLink: https://t.co/WjNuWze9wm\nFeaturing sensational @iAmNehaKakkar &amp; starring\xe2\x80\xa6'
2021-04-30 16:41:43,b'Zebaqureshisk',"b'RT @asliyoyo: Another milestone in no time !!\n#SiayaanJi has crossed 20 Million views in 24 hours and trending #1 on @youtube , WorldCharts\xe2\x80\xa6'"
2021-04-30 16:41:41,b'HelperStream',b'RT @CNNnews18: #WATCH | Honey Singh (@asliyoyo) and actress of his new music video Nushrratt Bharuccha (@Nushrratt) speak to CNN-News18\xe2\x80\x99s @\xe2\x80\xa6'
2021-04-30 16:41:37,b'Zebaqureshisk',b'RT @CNNnews18: #WATCH | Honey Singh (@asliyoyo) and actress of his new music video Nushrratt Bharuccha (@Nushrratt) speak to CNN-News18\xe2\x80\x99s @\xe2\x80\xa6'
2021-04-30 16:41:28,b'Zebaqureshisk',b'RT @asliyoyo: 2 days went by and #SaiyaanJi is on 30 Million plus views on @youtube and still trending #1 everywhere else.\n\nMuch love to my\xe2\x80\xa6'
2021-04-30 16:41:22,b'Zebaqureshisk',b'RT @Hungama_com: Tap your feet on this groovy beat given by your fav #Saiyaanji @asliyoyo with @iAmNehaKakkar featuring the stunning @Nushr\xe2\x80\xa6'
2021-04-30 16:41:13,b'Zebaqureshisk',b'RT @asliyoyo: #saiyaanji is 40 Million Plus !! \n#YoYoHoneySingh #yoyo https://t.co/N7iRpb8E29'
2021-04-30 16:41:06,b'Zebaqureshisk',b'RT @asliyoyo: #SaiyaanJi promotions on one of the most prestigious musical show of India #IndianIdol2020 with @iAmNehaKakkar and @Nushrratt\xe2\x80\xa6'
2021-04-30 16:41:02,b'Zebaqureshisk',b'RT @asliyoyo: #SaiyaanJi promotions on one of the most prestigious musical show of India #IndianIdol2020 with @iAmNehaKakkar and @Nushrratt\xe2\x80\xa6'
2021-04-30 16:40:57,b'Zebaqureshisk',"b'RT @asliyoyo: An episode full of fun, emotions and lots of singing #SaiyaanJi special #IndianIdol2020 is out on 7th February at 8PM only on\xe2\x80\xa6'"
2021-04-30 16:40:53,b'Zebaqureshisk',b'RT @TSeries: Now have fun with the #SaiyaanJi filter and make your own reels.  Don\xe2\x80\x99t forget to tag us! Just follow these easy steps and you\xe2\x80\xa6'
2021-04-30 16:40:47,b'Zebaqureshisk',b'RT @asliyoyo: Lock the Date !!!\n#SaiyaanJi special #IndianIdol2020 out on 7th February at 8PM only on @SonyTV with @iAmNehaKakkar &amp; @Nushrr\xe2\x80\xa6'
2021-04-30 16:40:43,b'Zebaqureshisk',b'RT @asliyoyo: My prayers are with the people of #Uttarakhand. Deeply saddened to know about the flash flood caused by glacier burst in Cham\xe2\x80\xa6'
2021-04-30 16:39:54,b'Zebaqureshisk',b'RT @asliyoyo: 5 tracks trending on #worldcharts \nBlue Eyes crossed 400 Million views and trending along with\n#SaiyaanJi at more than 80 Mil\xe2\x80\xa6'
2021-04-30 16:39:50,b'Zebaqureshisk',b'RT @asliyoyo: Happy #BasantPanchami !! https://t.co/HwSD5z6FlL'
2021-04-30 16:39:47,b'Zebaqureshisk',b'RT @asliyoyo: #SaiyaanJi has crossed 150 Million Views and still on #1 on world charts. \nIt\xe2\x80\x99s unstoppable !!!\n\n#yoyo #YoYoHoneySingh https:\xe2\x80\xa6'
2021-04-30 16:39:40,b'Zebaqureshisk',b'RT @asliyoyo: Are u ready for #saiyaanji BTS ? Out this evening at 6:30 PM.\n#YoYoHoneySingh #YoYo'
2021-04-30 16:39:37,b'Zebaqureshisk',b'RT @asliyoyo: We had loads of fun making this smashing hit #SaiyaanJi \xf0\x9f\x94\xa5\xf0\x9f\x94\x8a Check out the BTS video and take in the vibe. Tune in now! \n@TSeri\xe2\x80\xa6'
2021-04-30 16:39:32,b'Zebaqureshisk',b'RT @asliyoyo: What better way to start the Saga!!\nAur Ab machega taali aur seetiyon ka shor!\nAre you ready for #ShorMachega ??\n\n@TheJohnAbr\xe2\x80\xa6'
2021-04-30 16:39:25,b'Zebaqureshisk',b'RT @asliyoyo: Put on those dancing shoes and tayyari kar lo with full zor..\nKyunki ab machega #MumbaiSaga aur mera shor..\n\n#ShorMachega out\xe2\x80\xa6'
2021-04-30 16:39:22,b'Zebaqureshisk',b'RT @asliyoyo: #ShorMachega aur zoro se machega as my song from #MumbaiSaga releases on 28th Feb! \n\n@TheJohnAbraham @emraanhashmi @_SanjayGu\xe2\x80\xa6'
2021-04-30 16:39:11,b'Zebaqureshisk',"b'RT @asliyoyo: Weekend toh abhi shuru hi hua hai! \nSunday ko Machega aur Shor \xf0\x9f\x93\xa3, mere style main\n\nhttps://t.co/KkGFTApMIc\n\n#ShorMachega OUT\xe2\x80\xa6'"
2021-04-30 16:38:55,b'Zebaqureshisk',b'RT @asliyoyo: #ShorMachega from #MumbaiSaga  becomes the #1 Trending video on YouTube within hours of release \xf0\x9f\x94\xa5\xf0\x9f\x94\xa5\n\nMake some noise and join\xe2\x80\xa6'
2021-04-30 16:38:50,b'Zebaqureshisk',b'RT @YouTubeIndia: Bole toh OP in the global charts \xf0\x9f\x94\xa5 @asliyoyo @JubinNautiyal'
2021-04-30 16:38:43,b'Zebaqureshisk',b'RT @GuruOfficial: First time ever @asliyoyo and @GuruOfficial coming for a song together \xf0\x9f\x92\xa5\nMake some Extra noise \xf0\x9f\x92\xa5 https://t.co/xie8DewHBb'
2021-04-30 16:38:38,b'Zebaqureshisk',"b""RT @AmazonMusicIN: Roll down the windows, and hit the road with @asliyoyo's  handpicked collection of songs, exclusively on @AmazonMusicIN\xe2\x80\xa6"""
2021-04-30 16:38:33,b'Zebaqureshisk',b'RT @asliyoyo: Wishing a very Happy Birthday to Mr. Perfectionist of Bollywood @aamir_khan . Much Love - Yo Yo  #HappyBirthdayAamirKhan http\xe2\x80\xa6'
2021-04-30 16:38:29,b'Zebaqureshisk',b'RT @asliyoyo: Wishing a very birthday to #RohitShetty bhaji ! Much Love - Yo Yo https://t.co/1GJ5HI4jTh'
2021-04-30 16:38:27,b'Zebaqureshisk',b'RT @asliyoyo: Thank you lil bro \xf0\x9f\xa4\x97\xf0\x9f\xa4\x97\xf0\x9f\xa4\x97'
2021-04-30 16:38:23,b'Zebaqureshisk',b'RT @asliyoyo: Thank you brother \xf0\x9f\xa4\x97\xf0\x9f\xa4\x97\xf0\x9f\xa4\x97'
2021-04-30 16:38:17,b'Zebaqureshisk',"b'RT @9XJalwa: Wishing Happy Birthday to one of the most talented, versatile, electric performers @asliyoyo \nKeep rocking 2021!!!\n#HoneySingh\xe2\x80\xa6'"
2021-04-30 16:37:59,b'Zebaqureshisk',"b'RT @TimesMusicHub: Happy Birthday, @asliyoyo ! \xe2\x9d\xa4\xef\xb8\x8f\nCheers to a rocking year ahead! \xf0\x9f\xa5\x82\n#HappyBirthday https://t.co/np1nWu01xw'"
2021-04-30 16:37:55,b'Zebaqureshisk',"b'RT @SonyMusicNorth: To the incredibly talented Indipop singer &amp; rapper @asliyoyo, we wish you a Happy Birthday! \xf0\x9f\x8e\x89\n\n#HappyBirthday #yoyohone\xe2\x80\xa6'"
2021-04-30 16:37:50,b'Zebaqureshisk',"b'RT @gaana: Hogi ""Party All Night"" kyunki hai ye ""Raat Jashan Di""! Wishing our favorite ""Desi Kalakar"" @asliyoyo a very happy birthday from\xe2\x80\xa6'"
2021-04-30 16:37:42,b'Zebaqureshisk',b'RT @IIFA: #HoneySingh is celebrating his special day today!\n\nTeam #IIFA wishes him a very Happy Birthday.\n\n#IIFA #Bollywood #HappyBirthdayH\xe2\x80\xa6'
2021-04-30 16:37:35,b'Zebaqureshisk',b'RT @Bollyhungama: Celebrations \xf0\x9f\x8e\x89 @Asifbhamlaa @bhamlafoundatio @asliyoyo https://t.co/wOFybLma3C'
2021-04-30 16:37:18,b'Zebaqureshisk',"b'RT @asliyoyo: Wish you all a very #HappyHoli , Much Love - Yo Yo'"
2021-04-30 16:37:16,b'Zebaqureshisk',b'RT @asliyoyo: Wishing you a very Happy Birthday @KapilSharmaK9 bhaji. God Bless you - Yo Yo https://t.co/4cL2tv7VUt'
2021-04-30 15:51:57,b'TrapPunjabi',b'#WEWANTOLDHONEYSINGHBACK\nWe Want Old Honey Singh Back\n@asliyoyo @flyingbeast320'
2021-04-30 14:10:33,b'psrx',b'RT @shehnaaz_487: My edit video \xe2\x98\xba\xef\xb8\x8f\xf0\x9f\x92\x96\n@ishehnaaz_gill X @asliyoyo https://t.co/A8viHIUcue'
2021-04-30 13:21:28,b'AbhigyanShukl14',b'@flyingbeast320 @captriturathee @emNikhil Pls see my above tweet. @BeastBoyShub @AmreliaRuhez @ManojSaru\xe2\x80\xa6 https://t.co/yR7ZwuwwWG'
2021-04-30 13:14:22,b'asimriazcloset',"b'RT @asimthetiger: HaVe anYbody Noticed @imrealasim SingiNg\n@asliyoyo\'s ""Ise KehTe h Hip Hop"" \n""Badi H sOch Mere Bade H Plans,\nJo Kuch Bhi H\xe2\x80\xa6'"
2021-04-30 12:59:24,b'MrSachin074',b'@KapilSharmaK9 @asliyoyo Mera best honey Singh'
2021-04-30 12:53:33,b'Kuldeep25634790',b'RT @shehnaaz_487: My edit video \xe2\x98\xba\xef\xb8\x8f\xf0\x9f\x92\x96\n@ishehnaaz_gill X @asliyoyo https://t.co/A8viHIUcue'
2021-04-30 12:44:53,b'RavinderHira3',b'RT @shehnaaz_487: My edit video \xe2\x98\xba\xef\xb8\x8f\xf0\x9f\x92\x96\n@ishehnaaz_gill X @asliyoyo https://t.co/A8viHIUcue'
2021-04-30 12:44:43,b'Isha35427601',b'RT @shehnaaz_487: My edit video \xe2\x98\xba\xef\xb8\x8f\xf0\x9f\x92\x96\n@ishehnaaz_gill X @asliyoyo https://t.co/A8viHIUcue'
2021-04-30 12:36:21,b'Ritu89903967',b'RT @shehnaaz_487: My edit video \xe2\x98\xba\xef\xb8\x8f\xf0\x9f\x92\x96\n@ishehnaaz_gill X @asliyoyo https://t.co/A8viHIUcue'
2021-04-30 12:28:59,b'sanafangirlbac1',b'@shehnaaz_487 @ishehnaaz_gill @asliyoyo Fire \xf0\x9f\x94\xa5 \xf0\x9f\x94\xa5 \xf0\x9f\x94\xa5 \xf0\x9f\x94\xa5 \xf0\x9f\x94\xa5'
2021-04-30 12:28:36,b'sanafangirlbac1',b'@shehnaaz_487 @ishehnaaz_gill @asliyoyo Awesome \xf0\x9f\x98\x8d \xf0\x9f\x98\x8d \xf0\x9f\x98\x8d \xf0\x9f\x98\x8d \xf0\x9f\x98\x8d \xf0\x9f\x98\x8d \xf0\x9f\x98\x8d'
2021-04-30 12:27:16,b'sanafangirlbac1',b'RT @shehnaaz_487: My edit video \xe2\x98\xba\xef\xb8\x8f\xf0\x9f\x92\x96\n@ishehnaaz_gill X @asliyoyo https://t.co/A8viHIUcue'
2021-04-30 12:03:33,b'Ramani11762495',b'RT @shehnaaz_487: My edit video \xe2\x98\xba\xef\xb8\x8f\xf0\x9f\x92\x96\n@ishehnaaz_gill X @asliyoyo https://t.co/A8viHIUcue'
2021-04-30 11:49:06,b'aishalovesana',b'RT @shehnaaz_487: My edit video \xe2\x98\xba\xef\xb8\x8f\xf0\x9f\x92\x96\n@ishehnaaz_gill X @asliyoyo https://t.co/A8viHIUcue'
2021-04-30 11:44:02,b'LaiSohail',b'RT @shehnaaz_487: My edit video \xe2\x98\xba\xef\xb8\x8f\xf0\x9f\x92\x96\n@ishehnaaz_gill X @asliyoyo https://t.co/A8viHIUcue'
2021-04-30 11:37:29,b'Soha39721661',b'RT @shehnaaz_487: My edit video \xe2\x98\xba\xef\xb8\x8f\xf0\x9f\x92\x96\n@ishehnaaz_gill X @asliyoyo https://t.co/A8viHIUcue'
2021-04-30 11:35:38,b'Guriya18713865',b'RT @shehnaaz_487: My edit video \xe2\x98\xba\xef\xb8\x8f\xf0\x9f\x92\x96\n@ishehnaaz_gill X @asliyoyo https://t.co/A8viHIUcue'
2021-04-30 11:27:48,b'Radhika_Kh',b'RT @shehnaaz_487: My edit video \xe2\x98\xba\xef\xb8\x8f\xf0\x9f\x92\x96\n@ishehnaaz_gill X @asliyoyo https://t.co/A8viHIUcue'
2021-04-30 11:21:30,b'Aashma04276756',b'RT @shehnaaz_487: My edit video \xe2\x98\xba\xef\xb8\x8f\xf0\x9f\x92\x96\n@ishehnaaz_gill X @asliyoyo https://t.co/A8viHIUcue'
2021-04-30 10:55:57,b'KiShehnaazians',b'RT @shehnaaz_487: My edit video \xe2\x98\xba\xef\xb8\x8f\xf0\x9f\x92\x96\n@ishehnaaz_gill X @asliyoyo https://t.co/A8viHIUcue'
2021-04-30 10:47:16,b'AnkitaS00194600',b'RT @shehnaaz_487: My edit video \xe2\x98\xba\xef\xb8\x8f\xf0\x9f\x92\x96\n@ishehnaaz_gill X @asliyoyo https://t.co/A8viHIUcue'
2021-04-30 10:37:07,b'sanagill123',b'RT @shehnaaz_487: My edit video \xe2\x98\xba\xef\xb8\x8f\xf0\x9f\x92\x96\n@ishehnaaz_gill X @asliyoyo https://t.co/A8viHIUcue'
2021-04-30 10:36:15,b'less_ni_more_hu',b'RT @shehnaaz_487: My edit video \xe2\x98\xba\xef\xb8\x8f\xf0\x9f\x92\x96\n@ishehnaaz_gill X @asliyoyo https://t.co/A8viHIUcue'
2021-04-30 10:33:31,b'Davinde38730734',b'RT @shehnaaz_487: My edit video \xe2\x98\xba\xef\xb8\x8f\xf0\x9f\x92\x96\n@ishehnaaz_gill X @asliyoyo https://t.co/A8viHIUcue'
2021-04-30 10:26:05,b'Deepbhinder45',b'RT @shehnaaz_487: My edit video \xe2\x98\xba\xef\xb8\x8f\xf0\x9f\x92\x96\n@ishehnaaz_gill X @asliyoyo https://t.co/A8viHIUcue'
2021-04-30 10:25:36,b'Anaiaumar',b'RT @shehnaaz_487: My edit video \xe2\x98\xba\xef\xb8\x8f\xf0\x9f\x92\x96\n@ishehnaaz_gill X @asliyoyo https://t.co/A8viHIUcue'
2021-04-30 10:20:53,b'Yamithakur2',b'RT @shehnaaz_487: My edit video \xe2\x98\xba\xef\xb8\x8f\xf0\x9f\x92\x96\n@ishehnaaz_gill X @asliyoyo https://t.co/A8viHIUcue'
2021-04-30 10:17:19,b'MSharhelia',b'RT @shehnaaz_487: My edit video \xe2\x98\xba\xef\xb8\x8f\xf0\x9f\x92\x96\n@ishehnaaz_gill X @asliyoyo https://t.co/A8viHIUcue'
2021-04-30 10:09:27,b'SNepalfc',b'RT @shehnaaz_487: My edit video \xe2\x98\xba\xef\xb8\x8f\xf0\x9f\x92\x96\n@ishehnaaz_gill X @asliyoyo https://t.co/A8viHIUcue'
2021-04-30 10:07:28,b'Nimu__K',b'RT @shehnaaz_487: My edit video \xe2\x98\xba\xef\xb8\x8f\xf0\x9f\x92\x96\n@ishehnaaz_gill X @asliyoyo https://t.co/A8viHIUcue'
2021-04-30 09:55:02,b'amrit52717525',b'RT @shehnaaz_487: My edit video \xe2\x98\xba\xef\xb8\x8f\xf0\x9f\x92\x96\n@ishehnaaz_gill X @asliyoyo https://t.co/A8viHIUcue'
2021-04-30 09:44:26,b'mereyexamhai',b'RT @shehnaaz_487: My edit video \xe2\x98\xba\xef\xb8\x8f\xf0\x9f\x92\x96\n@ishehnaaz_gill X @asliyoyo https://t.co/A8viHIUcue'
2021-04-30 09:37:15,b'NBatra06',b'RT @shehnaaz_487: My edit video \xe2\x98\xba\xef\xb8\x8f\xf0\x9f\x92\x96\n@ishehnaaz_gill X @asliyoyo https://t.co/A8viHIUcue'
2021-04-30 09:36:02,b'Aishakapoorrr',b'RT @shehnaaz_487: My edit video \xe2\x98\xba\xef\xb8\x8f\xf0\x9f\x92\x96\n@ishehnaaz_gill X @asliyoyo https://t.co/A8viHIUcue'
2021-04-30 09:35:05,b'kawal__virk',b'RT @shehnaaz_487: My edit video \xe2\x98\xba\xef\xb8\x8f\xf0\x9f\x92\x96\n@ishehnaaz_gill X @asliyoyo https://t.co/A8viHIUcue'
2021-04-30 09:33:08,b'desoz786',b'RT @shehnaaz_487: My edit video \xe2\x98\xba\xef\xb8\x8f\xf0\x9f\x92\x96\n@ishehnaaz_gill X @asliyoyo https://t.co/A8viHIUcue'
2021-04-30 09:30:20,b'Parib89541219',b'RT @shehnaaz_487: My edit video \xe2\x98\xba\xef\xb8\x8f\xf0\x9f\x92\x96\n@ishehnaaz_gill X @asliyoyo https://t.co/A8viHIUcue'
2021-04-30 09:29:50,b'BhuwalkaShalini',b'RT @shehnaaz_487: My edit video \xe2\x98\xba\xef\xb8\x8f\xf0\x9f\x92\x96\n@ishehnaaz_gill X @asliyoyo https://t.co/A8viHIUcue'
2021-04-30 09:29:37,b'Reetii2',b'RT @shehnaaz_487: My edit video \xe2\x98\xba\xef\xb8\x8f\xf0\x9f\x92\x96\n@ishehnaaz_gill X @asliyoyo https://t.co/A8viHIUcue'
2021-04-30 09:22:21,b'girisubham3863',"b'RT @gaana: Hogi ""Party All Night"" kyunki hai ye ""Raat Jashan Di""! Wishing our favorite ""Desi Kalakar"" @asliyoyo a very happy birthday from\xe2\x80\xa6'"
2021-04-30 09:22:17,b'girisubham3863',"b'RT @TimesMusicHub: Happy Birthday, @asliyoyo ! \xe2\x9d\xa4\xef\xb8\x8f\nCheers to a rocking year ahead! \xf0\x9f\xa5\x82\n#HappyBirthday https://t.co/np1nWu01xw'"
2021-04-30 09:22:16,b'girisubham3863',"b'RT @SonyMusicNorth: To the incredibly talented Indipop singer &amp; rapper @asliyoyo, we wish you a Happy Birthday! \xf0\x9f\x8e\x89\n\n#HappyBirthday #yoyohone\xe2\x80\xa6'"
2021-04-30 09:20:13,b'CheetikshaS',b'RT @shehnaaz_487: My edit video \xe2\x98\xba\xef\xb8\x8f\xf0\x9f\x92\x96\n@ishehnaaz_gill X @asliyoyo https://t.co/A8viHIUcue'
2021-04-30 09:17:31,b'Sanakifan3',b'RT @shehnaaz_487: My edit video \xe2\x98\xba\xef\xb8\x8f\xf0\x9f\x92\x96\n@ishehnaaz_gill X @asliyoyo https://t.co/A8viHIUcue'
2021-04-30 09:15:04,b'shruti__mittal',b'RT @shehnaaz_487: My edit video \xe2\x98\xba\xef\xb8\x8f\xf0\x9f\x92\x96\n@ishehnaaz_gill X @asliyoyo https://t.co/A8viHIUcue'
2021-04-30 09:03:45,b'revenge979',b'RT @shehnaaz_487: My edit video \xe2\x98\xba\xef\xb8\x8f\xf0\x9f\x92\x96\n@ishehnaaz_gill X @asliyoyo https://t.co/A8viHIUcue'
2021-04-30 09:01:21,b'Diwya3876',b'RT @shehnaaz_487: My edit video \xe2\x98\xba\xef\xb8\x8f\xf0\x9f\x92\x96\n@ishehnaaz_gill X @asliyoyo https://t.co/A8viHIUcue'
2021-04-30 08:59:03,b'RashiRa28980090',b'RT @shehnaaz_487: My edit video \xe2\x98\xba\xef\xb8\x8f\xf0\x9f\x92\x96\n@ishehnaaz_gill X @asliyoyo https://t.co/A8viHIUcue'
2021-04-30 08:56:37,b'VishalY12ka4',b'@RandeepHooda @BeingSalmanKhan @bindasbhidu @DishPatani @PDdancing @Asli_Jacqueline @imKamaalKhan @iPayalDev\xe2\x80\xa6 https://t.co/WEUY68tqVC'
2021-04-30 08:55:30,b'shehnaazmyheart',b'RT @shehnaaz_487: My edit video \xe2\x98\xba\xef\xb8\x8f\xf0\x9f\x92\x96\n@ishehnaaz_gill X @asliyoyo https://t.co/A8viHIUcue'
2021-04-30 08:55:18,b'wajeeha28511875',b'RT @shehnaaz_487: My edit video \xe2\x98\xba\xef\xb8\x8f\xf0\x9f\x92\x96\n@ishehnaaz_gill X @asliyoyo https://t.co/A8viHIUcue'
2021-04-30 08:54:28,b'Vandana_Miten',b'RT @shehnaaz_487: My edit video \xe2\x98\xba\xef\xb8\x8f\xf0\x9f\x92\x96\n@ishehnaaz_gill X @asliyoyo https://t.co/A8viHIUcue'
2021-04-30 08:52:58,b'Bitchestayaway',b'RT @shehnaaz_487: My edit video \xe2\x98\xba\xef\xb8\x8f\xf0\x9f\x92\x96\n@ishehnaaz_gill X @asliyoyo https://t.co/A8viHIUcue'
2021-04-30 08:50:15,b'shehnaaz_487',b'My edit video \xe2\x98\xba\xef\xb8\x8f\xf0\x9f\x92\x96\n@ishehnaaz_gill X @asliyoyo https://t.co/A8viHIUcue'
2021-04-30 08:23:03,b'Rohuofficial5',b'RT @IIFA: #HoneySingh is celebrating his special day today!\n\nTeam #IIFA wishes him a very Happy Birthday.\n\n#IIFA #Bollywood #HappyBirthdayH\xe2\x80\xa6'
2021-04-30 07:53:15,b'tpranjul',"b'@buitengebieden_ @asliyoyo ""first kiss""'"
2021-04-30 07:45:14,b'sandeepsteady',b'@PanvarRenuka @GuruOfficial @asliyoyo @AIexArteaga @palakmuchhal3 @bharti_lalli @iAmNehaKakkar @TheRichaSharma\xe2\x80\xa6 https://t.co/xqW767TE3z'
2021-04-30 06:59:25,b'VishalY12ka4',b'@BeingSalmanKhan @bindasbhidu @DishPatani @RandeepHooda @PDdancing @Asli_Jacqueline @imKamaalKhan @iPayalDev\xe2\x80\xa6 https://t.co/VKlFUiR7Sp'
2021-04-30 05:35:00,b'ashishkeshariii',"b'@patcummins30 thank-you ! Where is Indian heroes and actresses such as sports persons , bollywood , film industry..\xe2\x80\xa6 https://t.co/m6bKf7FRFO'"
2021-04-30 04:45:45,b'factz_india',"b'My Name is Sanjay, and I was hospitalized from past few days and all our savings got finished and now my family is\xe2\x80\xa6 https://t.co/vZusa12d6W'"
2021-04-30 04:43:38,b'haa_music',b'@asliyoyo @SinghstaMusic @TSeries @itsBhushanKumar @itsmihirgulati @RdmMedia Singhsta X king\nComing soon\nPlease Reply'
2021-04-30 04:42:44,b'haa_music',b'@asliyoyo @SinghstaMusic @TSeries @itsBhushanKumar @itsmihirgulati @RdmMedia Singhsta X king\nComing soon'
2021-04-29 18:02:00,b'atharvaa009',"b""You were a cool kid in your school if you had honey singh's songs byheart!\xf0\x9f\x92\xab\xf0\x9f\x98\x82\n@asliyoyo"""
