2021-05-07 13:35:22,b'Swadeshi_No1',b'Hey @gauravgera I watched LOL n let me tell that u steal d show. There r many favourites @sureshnmenon\xe2\x80\xa6 https://t.co/rIY29QDH4g'
2021-05-07 13:08:22,b'p_jp125',b'@DishTV_India @PrimeVideoIN @ArshadWarsi @bomanirani @WhoSunilGrover CUSTOMERS SUPPORT KEEP ON LIEING . NO LOGIC .\xe2\x80\xa6 https://t.co/s3FoCiUAVC'
2021-05-07 12:53:38,b'p_jp125',b'@DishTV_India @PrimeVideoIN @ArshadWarsi @bomanirani @WhoSunilGrover Why there is INEQUALITY of pack from person to\xe2\x80\xa6 https://t.co/yComxSYEB0'
2021-05-07 12:12:04,b'p_jp125',b'@DishTV_India @PrimeVideoIN @ArshadWarsi @bomanirani @WhoSunilGrover Why there is INEQUALITY of pack from person to\xe2\x80\xa6 https://t.co/REdqCWOazn'
2021-05-07 11:38:32,b'Kanhaiy97718043',b'@sepandre__ @WhoSunilGrover @SEVLTER \n\nNice project https://t.co/geKjW9oFSZ'
2021-05-07 11:17:58,b'p_jp125',b'@DishTV_India @PrimeVideoIN @ArshadWarsi @bomanirani @WhoSunilGrover Why there is INEQUALITY of pack from person to\xe2\x80\xa6 https://t.co/ZrsUhkgka4'
2021-05-07 11:17:38,b'Kanhaiy97718043',b'@SPPuri1 @WhoSunilGrover @singh_blog \n\nNice project \xf0\x9f\x92\xa5\xf0\x9f\x92\xa5\xf0\x9f\x92\xa5 https://t.co/JEdHL2o6Xv'
2021-05-07 07:09:06,b'jainster_jain',b'@SKFProduction @Bharat_TheFilm @aliabbaszafar @atulreellife @itsBhushanKumar @bindasbhidu @sonalikulkarni\xe2\x80\xa6 https://t.co/EIlBLw11rg'
2021-05-07 07:01:12,b'bituphon',b'@WhoSunilGrover Right sir'
2021-05-07 05:02:24,b'Abhishe02082051',b'Needed oxygen cylinder in rohtak plz if someone can help Just contact me 8708026987\n@prasadvedpathak \n@SonuSood\xe2\x80\xa6 https://t.co/o9MWPIVMqg'
2021-05-07 04:55:51,b'RajatSh92463727',b'@WhoSunilGrover sir i need your help. Sir as a covid situation my family condition is not good. I have no job. Sir\xe2\x80\xa6 https://t.co/fPHO4dH9mY'
2021-05-07 04:55:02,b'p_jp125',b'@DishTV_India @PrimeVideoIN @ArshadWarsi @bomanirani @WhoSunilGrover I have two connections of dishtv in same locat\xe2\x80\xa6 https://t.co/q44tPh6Wfm'
2021-05-07 03:04:02,b'Himanshu_4149',b'We are not sunil Grover\n               But\nZindagi barbad hogeya.\n\xf0\x9f\x98\x81 #coronabarbadkarrahai\n#Trending  #trend\xe2\x80\xa6 https://t.co/kP3vp0ixg2'
2021-05-06 19:42:07,b'nupurmandhyan',b'@PrimeVideoIN @ArshadWarsi @bomanirani @WhoSunilGrover @KushaKapila @gauravgera @Broacha_Cyrus @sureshnmenon\xe2\x80\xa6 https://t.co/c17m7zRuBU'
2021-05-06 19:41:04,b'nupurmandhyan',b'@PrimeVideoIN @ArshadWarsi @bomanirani @WhoSunilGrover @KushaKapila @gauravgera @Broacha_Cyrus @sureshnmenon\xe2\x80\xa6 https://t.co/9xpJsTTODe'
2021-05-06 19:21:55,b'simy_sinha',"b'@gauravgera Mind blowing, Mind Blasting,what a performance,I can\xe2\x80\x99t think of anything now,it was just LOL  Please st\xe2\x80\xa6 https://t.co/ziYWqitHOL'"
2021-05-06 18:18:38,b'R_R_rajput1',b'@princess42202 @itsSSR @WhoSunilGrover @TheSurya_ @MitaliSarangi2 @tmg @_dewDropss_ @Bebak_Suhani My favorite heroo'
2021-05-06 17:17:59,b'Legacycorp',"b""RT @freedomofviews: Don't care about the reviews.\nI ll take any glimpse of happiness as going from such a painful and stressful situation.\xe2\x80\xa6"""
2021-05-06 16:51:11,b'freedomofviews',"b""Don't care about the reviews.\nI ll take any glimpse of happiness as going from such a painful and stressful situati\xe2\x80\xa6 https://t.co/znUYL7esyJ"""
2021-05-06 13:05:50,b'Pankaj12001',b'RT @WhoSunilGrover: @Karan_Gilhotra Great work bhai.'
2021-05-06 12:59:36,b'RajinBasnet4',b'@WhoSunilGrover @Karan_Gilhotra Laughter king'
2021-05-06 12:25:06,b'Bishal4bishal',b'Lol hasee toh phasee is the most hilarious content on the internet right now..Thank you guys for making us laugh at\xe2\x80\xa6 https://t.co/4sKxsnKMq7'
2021-05-06 08:41:22,b'Arunkumar6106',"b'RT @DishTV_India: Ab ghar baithe khulega entertainment ka pitaraa, jab comedy ke ustaad milkar karenge hungama! Watch the new series LOL: H\xe2\x80\xa6'"
2021-05-06 06:40:41,b'Aaditya59289892',"b""RT @imrealasim: T for #Tandav\nT for #Terrific\nCoincidence? I'd say not\n\nBig ups to @WhoSunilGrover and @GAUAHAR_KHAN for their amazing perf\xe2\x80\xa6"""
2021-05-06 06:39:51,b'dhananjay_0535',"b'RT @whopaarthbhatt: Love is immortal \xe2\x9d\xa4\xef\xb8\x8f\xf0\x9f\xa4\x97, #LoveForSG @WhoSunilGrover sir https://t.co/AANHB48C63'"
2021-05-06 06:23:14,b'Vensy07093265',b'@WhoSunilGrover Need monetary help urgently. Please help Sunil ji. I have requested to many big name which are know\xe2\x80\xa6 https://t.co/5xhdtbTOPz'
2021-05-06 02:49:52,b'Pradeep96364153',b'RT @Pradeep96364153: @D_P_tripathi tweet about the project after reading about fesschain with hashtag #buildingindiawithfess #fesschain. dr\xe2\x80\xa6'
2021-05-06 02:49:42,b'Pradeep96364153',b'@D_P_tripathi tweet about the project after reading about fesschain with hashtag #buildingindiawithfess #fesschain.\xe2\x80\xa6 https://t.co/y4oB3jm6bq'
2021-05-06 02:18:49,b'SharonSrivastav',"b'Congratulations but wired as well  anything possible in these days one side population decreasing another, side inc\xe2\x80\xa6 https://t.co/m9im6lUv3X'"
2021-05-05 23:43:36,b'tkeke',b'@Joydas I prefer \xe2\x80\x9chim aapke hai clown\xe2\x80\x9d\n\nCoz this is great content for the likes of @kunalkamra88 @HumorouslyVipul\xe2\x80\xa6 https://t.co/ruc56rhASn'
2021-05-05 21:36:23,b'Rk_aadeez12',"b'RT @movilti: A New Amazon Original Series, #LOLHasseTohPhasse  Streaming now on @PrimeVideoIN\n\n#moviltimedia #movilti\n#LOLHasseTohPhasse  #\xe2\x80\xa6'"
2021-05-05 18:59:28,b'sakshhii25',b'I am not @WhoSunilGrover but jindagi barbad hogia\xf0\x9f\x98\xad'
2021-05-05 17:04:54,b'RaviKum75193040',"b'RT @DishTV_India: Ab ghar baithe khulega entertainment ka pitaraa, jab comedy ke ustaad milkar karenge hungama! Watch the new series LOL: H\xe2\x80\xa6'"
2021-05-05 16:30:12,b'reytalks69',b'@Mdzeeshanayyub @PrimeVideoIN @aliabbaszafar @iHimanshuMehra @teamoffside @aparna1502 @_gauravsolanki @dirtigmanshu\xe2\x80\xa6 https://t.co/hF0LkBsgRu'
2021-05-05 14:42:42,b'ARVINDG62095642',b'@WhoSunilGrover  hii sir i am arvind gupta sir prodused to new song in himesh reshmiya voice but himesh reshmiya no\xe2\x80\xa6 https://t.co/jdaj1kney8'
2021-05-05 12:39:42,b'highflyer_0209',b'@WhoSunilGrover EMERGENCY PLASMA REQUIREMENT FOR MY MOTHER\n\nPatient Name: Vinita Jain\nAge: 45 years\nBlood group: B+\xe2\x80\xa6 https://t.co/4VImMG0Dj5'
2021-05-05 11:27:35,b'DishTV_India',"b'Ab ghar baithe khulega entertainment ka pitaraa, jab comedy ke ustaad milkar karenge hungama! Watch the new series\xe2\x80\xa6 https://t.co/ZIzq9xDUqL'"
2021-05-05 09:06:40,b'Mahikartik',b'@hardikpandya7 @imVkohli @AnushkaSharma @ianuragthakur @soniiannup @ImRaina @ImRo45 @WhoSunilGrover @chetrisunil11\xe2\x80\xa6 https://t.co/rd2ddxFwEg'
2021-05-05 07:51:08,b'Shahruk51184949',b'RT @niosexams: @WhoSunilGrover Hello sunil grover sir please helo ud to promote #promoteniosstudents #CancelNIOSboardexams2021 #promotewith\xe2\x80\xa6'
2021-05-05 07:51:06,b'Shahruk51184949',b'RT @WhoSunilGrover: Mask on Please \xf0\x9f\x99\x8f\xf0\x9f\x99\x8f'
2021-05-05 05:28:20,b'henrypeter1917',"b'Watched the Amazon series #LOL #HasseTohPhasse, every character was fantastic especially @gauravgera\xe2\x80\xa6 https://t.co/Mmpft46SBc'"
2021-05-04 20:29:09,b'RajatGupta1982',b'Others who deserve a special mention are @WhoSunilGrover and @TheSkyGupta you guys rocked too...\nBut worst in the l\xe2\x80\xa6 https://t.co/nlfxfFtgOi'
2021-05-04 12:55:17,b'GulbazK38051892',b'RT @WhoSunilGrover: Wishing you health * chakk do Phatte Sir\xf0\x9f\x99\x8f'
2021-05-04 12:55:14,b'GulbazK38051892',"b'RT @WhoSunilGrover: Happy birthday Master! Wishing you a health, happiness and joy always. Keep inspiring @sachin_rt \xf0\x9f\x8e\x82\xf0\x9f\x8c\xbb'"
2021-05-04 12:49:14,b'kailashkumarjo4',"b""let's watch #LOLonPrime \xf0\x9f\x8e\x89\xe2\x9c\xa8\xf0\x9f\x8e\x9e\n\njoin #WatchParty :- \nhttps://t.co/E4jrRFYQvI\n\n@ArshadWarsi @bomanirani @gauravgera\xe2\x80\xa6 https://t.co/dGVuPFevrr"""
2021-05-04 12:08:20,b'DeepakP52714428',b'RT @BeingSalmanKhan: Aa rahe hain hum April mein to b up close n personal with u all ... see u all soon @SohailKhan @theJAEvents @beingbhav\xe2\x80\xa6'
2021-05-04 09:25:29,b'BrahmanKaCh0ra',b'@Balludlegend @WhoSunilGrover Series is avg.. but Sunil Grover nailed his role'
2021-05-04 08:03:53,b'sagar6713',b'RT @PrimeVideoIN: how far can you go to make someone LOL? \xf0\x9f\xa4\x90\n#LOLonPrime Trailer out now. \xf0\x9f\xa4\x99\n\n#HasseTohPhasse @ArshadWarsi @bomanirani @WhoSu\xe2\x80\xa6'
2021-05-04 07:09:25,b'DurgeswarDaim12',b'RT @DurgeswarDaim12: @TheforceTrade Nice work #Bsc#Airdrop\n@Suhelseth @WhoSunilGrover \n Bsc adress \n0x1d008Ce9d415bEe18d24A45C0D31b558f26A0\xe2\x80\xa6'
2021-05-04 07:07:50,b'DurgeswarDaim12',b'@TheforceTrade Nice work #Bsc#Airdrop\n@Suhelseth @WhoSunilGrover \n Bsc adress \n0x1d008Ce9d415bEe18d24A45C0D31b558f26A08CE'
2021-05-04 06:53:16,b'lalitshing12',b'RT @Jitendr33410794: Ronnie &amp; Siya Rebel In Love Creat To Next Level Action In Indian Film Industry Congratulations \xf0\x9f\x8e\x89 To Enter Team Of Baag\xe2\x80\xa6'
2021-05-04 06:05:51,b'zaffna',"b""RT @DishTV_India: Jab 10 comedians honge ek ghar mein lock, bina hasse kaise karenge task ko solve? To know this, watch the new series 'LOL\xe2\x80\xa6"""
2021-05-04 05:42:20,b'Jaydeep36502790',b'@AsthaSuryawans2 @narendramodi @ZeeMPCG @amanbains2211 @divyenndu @Prashan32876540 @nyks_betul @Shailendrakumb8\xe2\x80\xa6 https://t.co/SXKvZ55svg'
2021-05-04 04:58:46,b'DishTV_India',"b'Jab 10 comedians honge ek ghar mein lock, bina hasse kaise karenge task ko solve? To know this, watch the new serie\xe2\x80\xa6 https://t.co/ILUztacBu6'"
2021-05-04 03:44:02,b'amitabhran',b'@WhoSunilGrover Just finished watching \xe2\x80\x98Taandav\xe2\x80\x99 and I must say what a brilliant acting you have done. From Omkara\xe2\x80\xa6 https://t.co/L5WDB4AL5L'
2021-05-04 03:41:26,b'Balludlegend',b'@BrahmanKaCh0ra @WhoSunilGrover How is it ??'
2021-05-04 03:38:27,b'YakshamD',"b""RT @DasiPragati2: #God morning #God Morning Tuesday\n@CaytonHolland \n@WhoSunilGrover \neat meat are demons, that's why we should not eat mass\xe2\x80\xa6"""
2021-05-04 03:18:17,b'Memerladki4',"b'I am not @WhoSunilGrover \n\nBut ""zindagi barbad hogya""\xf0\x9f\x98\x82\xf0\x9f\x98\x82\xf0\x9f\x98\x82'"
2021-05-04 03:10:01,b'jaspree11139784',b'@TEHELKAPRANK @WhoSunilGrover @AVRprankTV @p4pakao @iamharshbeniwal @Bhuvan_Bam @iAmitBhadana @ElvishYadav @ashchanchlani I big fan sir \xf0\x9f\x92\x93\xf0\x9f\x92\x93'
2021-05-03 23:39:34,b'BEING_SAMEER__',"b'RT @BeingSalmanKhan: World TV Premiere of #Bharat, tonight at 8PM on @zeecinema\n#KatrinaKaif @bindasbhidu @WhoSunilGrover @atulreellife @ni\xe2\x80\xa6'"
2021-05-03 20:11:20,b'himansh47317646',b'@WhoSunilGrover @WhoSunilGrover  miss you sir &amp; lots of love \xe2\x9d\xa4\xef\xb8\x8f take care sir be careful'
2021-05-03 19:24:39,b'Bharatkumar0628',b'RT @Bharatkumar0628: @bomanirani @ArshadWarsi @PrimeVideoIN @WhoSunilGrover Just finished the LOL show. what a show. just wow. waiting for\xe2\x80\xa6'
2021-05-03 19:15:50,b'Bharatkumar0628',b'@bomanirani @ArshadWarsi @PrimeVideoIN @WhoSunilGrover Just finished the LOL show. what a show. just wow. waiting f\xe2\x80\xa6 https://t.co/JTiJJpVmtj'
2021-05-03 18:15:26,b'priyesh3d3',b'@sureshnmenon Lendukman @WhoSunilGrover were awesome. @gauravgera you toh were on another levelch.. Each character\xe2\x80\xa6 https://t.co/dzSCqA0UHo'
2021-05-03 17:56:56,b'ananya_p15',"b'@iameshansharma_ @gauravgera @WhoSunilGrover @amazonprimenow @ArshadWarsi @bomanirani @PrimeVideo yes, it will be a\xe2\x80\xa6 https://t.co/2zXu1rsFEO'"
2021-05-03 17:51:30,b'Samsrahman4',b'#ProjectOxygen Update \n@WhoSunilGrover  @idevadhikari @swastika24 @itsmeabir @srijitspeaketh @SonuSood\xe2\x80\xa6 https://t.co/9UMmtfJDml'
2021-05-03 16:26:01,b'iameshansharma_',b'@ananya_p15 @gauravgera @WhoSunilGrover @amazonprimenow @ArshadWarsi @bomanirani @PrimeVideo Will watch soon. Heard\xe2\x80\xa6 https://t.co/qAPtPNCodH'
2021-05-03 16:25:01,b'ananya_p15',b'Watched LOL - Hasse toh Phasse on Amazon today and @gauravgera was brilliant and a treat to watch \xe2\x9d\xa4  But but disapp\xe2\x80\xa6 https://t.co/b78ClQjE5T'
2021-05-03 16:09:10,b'Afsalcriz1',"b""RT @rameshlaus: . @PrimeVideoIN launches a limited edition #LOL Pacman Game, are you excited to check it out? It's going to be next level f\xe2\x80\xa6"""
2021-05-03 15:06:01,b'movilti',"b'A New Amazon Original Series, #LOLHasseTohPhasse  Streaming now on @PrimeVideoIN\n\n#moviltimedia #movilti\xe2\x80\xa6 https://t.co/1Q9SNpSbKC'"
2021-05-03 14:22:41,b'PrakashAarya100',b'@ArshadWarsi @PrimeVideoIN Sir u are suprb as always. Because of u n B. Irani sir I tried to watch. Even\xe2\x80\xa6 https://t.co/JYlMnaxYOj'
2021-05-03 13:37:16,b'TEHELKAPRANK',b'Aatma Prank | Part 2 | Sunny Arya | Gaurav | Tehelka Brothers\n\nhttps://t.co/vhlP8ChSm8\nFull Video link\xf0\x9f\x91\x86\xe2\x80\xa6 https://t.co/yMQZQPaKjp'
2021-05-03 13:19:36,b'mkjainmkjain',b'@AmarUjalaNews @ArshadWarsi @bomanirani @WhoSunilGrover @PrimeVideoIN Please clear that Bank will open on 04.05.21 in Agra or not ??'
2021-05-03 12:52:52,b'sanki_sharabi',b'@ssrking1 @JohnCena @WhoSunilGrover He is awesome'
2021-05-03 12:21:50,b'ssrking1',b'@sanki_sharabi @JohnCena @WhoSunilGrover \nMy fav artist \xf0\x9f\x98\x8c'
2021-05-03 11:08:11,b'monikarawal',"b""It's okay to laugh a little amid such grim times when every phone call u attend brings some sad news. Watched\xe2\x80\xa6 https://t.co/7lUJUnByOY"""
2021-05-03 10:48:40,b'sureshnmenon',"b""RT @atulmohanhere: The new show #LOL - #HasseTohPhasse gets a limited edition 'LOL PAC-MAN GAME'! #LOLonPrime hosted by @Bomanirani @Arshad\xe2\x80\xa6"""
2021-05-03 10:24:15,b'atulmohanhere',"b""The new show #LOL - #HasseTohPhasse gets a limited edition 'LOL PAC-MAN GAME'! #LOLonPrime hosted by @Bomanirani\xe2\x80\xa6 https://t.co/gNUVNXOuWO"""
2021-05-03 10:18:19,b'd_veriyan45',"b""RT @rameshlaus: . @PrimeVideoIN launches a limited edition #LOL Pacman Game, are you excited to check it out? It's going to be next level f\xe2\x80\xa6"""
2021-05-03 10:17:45,b'Karthik_2512',"b""RT @rameshlaus: . @PrimeVideoIN launches a limited edition #LOL Pacman Game, are you excited to check it out? It's going to be next level f\xe2\x80\xa6"""
2021-05-03 10:16:56,b'rameshlaus',"b"". @PrimeVideoIN launches a limited edition #LOL Pacman Game, are you excited to check it out? It's going to be next\xe2\x80\xa6 https://t.co/f7gSGGRUuD"""
2021-05-03 10:03:03,b'Saikatdas121',"b""@WhoSunilGrover It's very easy to give a statement like this, Think about those people who earned daily for just su\xe2\x80\xa6 https://t.co/OfCnTlBTla"""
2021-05-03 09:32:17,b'HimalayaRajBha1',b'@WhoSunilGrover Ok I agree with you sir but please arrange bed for those who have in critical condition... please help for nation...'
2021-05-03 09:25:42,b'Zaira17031983',"b""RT @imrealasim: T for #Tandav\nT for #Terrific\nCoincidence? I'd say not\n\nBig ups to @WhoSunilGrover and @GAUAHAR_KHAN for their amazing perf\xe2\x80\xa6"""
2021-05-03 09:01:23,b'AnandKu21450789',"b'RT @talk2sushil48: Sir, Please help with Medical facility for (Stuck in Rohini -Delhi)\nPatient - Seema Devi\nOxygen level - 85\nAge - 50yr\n R\xe2\x80\xa6'"
2021-05-03 08:59:25,b'vishesh_srt',b'Fresh and unique show #LOLonPrime hase toh phase\n\n@PrimeVideoIN \n@gauravgera @TheSkyGupta @TheAadarGuy\xe2\x80\xa6 https://t.co/Ymd47QGywo'
2021-05-03 08:58:49,b'SalvaDProfessor',b'@WhoSunilGrover Thanks papi'
2021-05-03 08:51:05,b'khilada_',"b'RT @talk2sushil48: Sir, Please help with Medical facility for (Stuck in Rohini -Delhi)\nPatient - Seema Devi\nOxygen level - 85\nAge - 50yr\n R\xe2\x80\xa6'"
2021-05-03 08:48:21,b'Poojame60642511',b'@Indira_shaw_ @Nishantchant @WhoSunilGrover Point \xf0\x9f\x98\x82'
2021-05-03 08:48:03,b'ok__listen',"b'RT @talk2sushil48: Sir, Please help with Medical facility for (Stuck in Rohini -Delhi)\nPatient - Seema Devi\nOxygen level - 85\nAge - 50yr\n R\xe2\x80\xa6'"
2021-05-03 08:47:07,b'SelfDoubtist',"b'RT @talk2sushil48: Sir, Please help with Medical facility for (Stuck in Rohini -Delhi)\nPatient - Seema Devi\nOxygen level - 85\nAge - 50yr\n R\xe2\x80\xa6'"
2021-05-03 08:44:12,b'saffronhindoo',"b'RT @talk2sushil48: Sir, Please help with Medical facility for (Stuck in Rohini -Delhi)\nPatient - Seema Devi\nOxygen level - 85\nAge - 50yr\n R\xe2\x80\xa6'"
2021-05-03 08:41:58,b'LlaurenDodge',b'@tarunleedz @iHrithik @KapilSharmaK9 @WhoSunilGrover @PMOIndia @vickykaushal09 @iamsrk @Javedakhtarjadu @jaysean\xe2\x80\xa6 https://t.co/YUDwFvUtDm'
2021-05-03 08:40:20,b'AssaultArmoured',"b'RT @talk2sushil48: Sir, Please help with Medical facility for (Stuck in Rohini -Delhi)\nPatient - Seema Devi\nOxygen level - 85\nAge - 50yr\n R\xe2\x80\xa6'"
2021-05-03 08:23:15,b'Shubham74522819',b'https://t.co/YKZxTutY4O\n\n@WhoSunilGrover do you think I did some justice to your character awaiting your comments \xf0\x9f\x98\x85\xf0\x9f\x98\x85'
2021-05-03 08:22:01,b'Shubham74522819',b'https://t.co/RP7NLn0NAF\n\n@kikusharda\n@haanjichandan\n@KapilSharmaK9\n@BeingSalmanKhan\n@sherryontopp\n@akshaykumar\xe2\x80\xa6 https://t.co/j0N1h5ofO1'
2021-05-03 08:15:37,b'Shubham74522819',b'https://t.co/RP7NLn0NAF\n\n@KapilSharmaK9 the mimicry of @WhoSunilGrover please share your views'
2021-05-03 08:02:51,b'the_right_wingr',b'Now a days single boys be like \nAny girl ask them kaha ho :-\nThe desperation in them says :- dil mein \xf0\x9f\x92\xaf\xf0\x9f\xa4\xa3\xe2\x80\xa6 https://t.co/5c8TY02PaJ'
2021-05-03 07:22:26,b'talk2sushil48',"b'Sir, Please help with Medical facility for (Stuck in Rohini -Delhi)\nPatient - Seema Devi\nOxygen level - 85\nAge - 50\xe2\x80\xa6 https://t.co/BT0TPkioiG'"
2021-05-03 06:23:09,b'Nitin71703887',b'@WhoSunilGrover Thanks sir...be safe and healthy'
2021-05-03 06:13:55,b'ZoomTV',b'Some of the most expensive things owned by @WhoSunilGrover \n\nhttps://t.co/Sb9lWWQ77K'
2021-05-03 06:13:00,b'TellyTalkIndia',b'Here are some of the most expensive things owned by @WhoSunilGrover \n\nhttps://t.co/D4W9WVPCEy'
2021-05-03 06:05:00,b'Kailash73451268',b'@WhoSunilGrover The best way to keep away from infection is self lockdown .'
2021-05-03 05:32:35,b'Shishank2312',"b'#LOLonPrime is such a unique show, spent some good time laughing during thz testing times,watched in 1 go.Great wor\xe2\x80\xa6 https://t.co/anlCGlaz1a'"
2021-05-03 05:24:29,b'RaviHo5',b'@WhoSunilGrover Yes boss ... https://t.co/3jNBGSLsiK'
2021-05-03 04:54:33,b'Abhisheka',b'@WhoSunilGrover Yeah share this advice with @BCCI and @IPL'
2021-05-03 02:52:02,b'RajputUpendraS7',b'@WhoSunilGrover Dr. Mashoor gulati .....love u sir'
2021-05-03 01:24:35,b'creativeparas',b'@WhoSunilGrover We would to stay Home But how we will survive Paaji just go through the picture I have shared \xf0\x9f\x99\x8f\xf0\x9f\x8f\xbb\xf0\x9f\x99\x8f\xf0\x9f\x8f\xbb\xe2\x80\xa6 https://t.co/qk479b5Il8'
2021-05-02 22:28:15,b'SharvamDave',b'@KushaKapila @WhoSunilGrover You were just amazing at LOL. You &amp;two are my winners. Rest were either annoying or we\xe2\x80\xa6 https://t.co/yo6Bc0uTYF'
2021-05-02 22:06:36,b'RahulKu73938849',b'#SOSDelhi\n#SOSDelhiNCR\nSAVE A MOTHER \xf0\x9f\x98\xb0\nNo beds\noxygen  cylinder about to die Oxygen below 50\n \nPlease arrange oxyge\xe2\x80\xa6 https://t.co/JaO05SduOX'
2021-05-02 19:43:43,b'KirandeepkaurJk',b'RT @JaspinderNarula: Congratulations to you &amp; @WhoSunilGrover pls wish them from my side too. God bless'
2021-05-02 19:17:58,b'ChoudharyP31',b'Take a bow man @gauravgera \nI haven\xe2\x80\x99t laughed so much. U were hillarious U deserved it\xf0\x9f\x91\x8f\xf0\x9f\x8f\xbb\nWas rolling on the floor l\xe2\x80\xa6 https://t.co/S1y99NDFbt'
2021-05-02 19:11:03,b'ShailenBh',b'@alashshukla @gauravgera @WhoSunilGrover @KushaKapila @KushaKapila and @gauravgera were damn good man \xf0\x9f\x98\x82\xf0\x9f\x98\x82\xf0\x9f\x98\x82\xf0\x9f\x98\x82'
2021-05-02 19:09:08,b'sumit81k',"b'@WhoSunilGrover Yaar logo ko hi advice dete raho ge ya government ko bhi kuch bolo ge. Everyone read ur tweets, so\xe2\x80\xa6 https://t.co/p8kEzdaY5q'"
2021-05-02 18:55:56,b'1983_ankit',b'@WhoSunilGrover Bro\xe2\x80\xa6. Good work on #Lolhansegatofansega but @gauravgera u really deserve a big round of applause \xf0\x9f\x91\x8f\xf0\x9f\x91\x8f\xe2\x80\xa6 https://t.co/afwOEMNEGb'
2021-05-02 18:30:56,b'alashshukla',b'Got some time to watch #LOLonPrime. \n\nCongrats @gauravgera for winning..\n\nLoved the performance of all. \nSpecially\xe2\x80\xa6 https://t.co/czeaydRrbN'
2021-05-02 17:55:38,b'ghori_rubina',b'@WhoSunilGrover True sir'
2021-05-02 17:19:34,b'Keahav37399531',b'@KrishKu02264851 @Susanchand01 @WhoSunilGrover He didnt asked for money \nHe asked for job'
2021-05-02 17:13:52,b'SMunjal09',b'@gauravgera u were different level....along with @WhoSunilGrover ..\nwhat a performance from u too...\n@PrimeVideoIN'
2021-05-02 17:00:00,b'Hustler_AsimCH',"b""RT @imrealasim: T for #Tandav\nT for #Terrific\nCoincidence? I'd say not\n\nBig ups to @WhoSunilGrover and @GAUAHAR_KHAN for their amazing perf\xe2\x80\xa6"""
2021-05-02 16:56:42,b'Bashirat_Rizvi',b'@WhoSunilGrover with love....\n@kingaliasgar  @WhoSunilGrover https://t.co/Dc353OgLPP'
2021-05-02 16:27:37,b'milankarshala',b'@WhoSunilGrover Stay home stay safe. \xf0\x9f\x99\x8f\xf0\x9f\x8f\xbb'
2021-05-02 15:38:47,b'rvarma480',"b'@WhoSunilGrover Gud work in amazon comedy web series ""lol hasee to phasee""'"
2021-05-02 14:50:42,b'AnandSh27238125',b'RT @WhoSunilGrover: Props\xe2\x9c\x94\xef\xb8\x8f\nPersonalities\xe2\x9c\x94\xef\xb8\x8f\nPagalpan\xe2\x9c\x94\xef\xb8\x8f\n#LOLonPrime out on 30th April.\n\n@primevideoin\xc2\xa0#HasseTohPhasse https://t.co/vumZexpsil'
2021-05-02 14:43:50,b'NageshwarFound2',b'@AshokMaggo @WhoSunilGrover https://t.co/5f4P3SeV8p 80 families are in the problems they all are covid affected peo\xe2\x80\xa6 https://t.co/7hIC9Y6w8o'
2021-05-02 14:41:33,b'NageshwarFound2',b'@ashwin4asu @WhoSunilGrover https://t.co/5f4P3SeV8p 80 families are in the problems they all are covid affected peo\xe2\x80\xa6 https://t.co/qrLXeVt67D'
2021-05-02 14:41:16,b'NageshwarFound2',b'@OGasvdv83yPHgXK @WhoSunilGrover https://t.co/5f4P3SeV8p 80 families are in the problems they all are covid affecte\xe2\x80\xa6 https://t.co/zeIv1RZHSf'
2021-05-02 14:39:37,b'NageshwarFound2',b'@gur_das @WhoSunilGrover https://t.co/5f4P3SeV8p 80 families are in the problems they all are covid affected people\xe2\x80\xa6 https://t.co/bvjH4niXI6'
2021-05-02 14:39:11,b'KishanAChavda1',b'@WhoSunilGrover Yes sirr we are at home..and pray to God to end this tough time period.\nLove you gulati sir\xf0\x9f\x98\x98'
2021-05-02 14:39:06,b'NageshwarFound2',b'@GhanshyamSandu @WhoSunilGrover https://t.co/5f4P3SeV8p 80 families are in the problems they all are covid affected\xe2\x80\xa6 https://t.co/SRTqLvW60Q'
2021-05-02 14:38:45,b'NageshwarFound2',b'@AHodar @WhoSunilGrover https://t.co/5f4P3SeV8p 80 families are in the problems they all are covid affected people\xe2\x80\xa6 https://t.co/ICLbuJiI0E'
2021-05-02 14:37:17,b'NageshwarFound2',b'@Mrmanmauji @WhoSunilGrover https://t.co/5f4P3SeV8p 80 families are in the problems they all are covid affected peo\xe2\x80\xa6 https://t.co/5ZDoHmTRqt'
2021-05-02 14:36:51,b'NageshwarFound2',b'@pareekspeaks @WhoSunilGrover https://t.co/5f4P3SeV8p 80 families are in the problems they all are covid affected p\xe2\x80\xa6 https://t.co/3NsEF23txd'
2021-05-02 14:36:25,b'NageshwarFound2',b'@ratiraj520 @WhoSunilGrover https://t.co/5f4P3SeV8p 80 families are in the problems they all are covid affected peo\xe2\x80\xa6 https://t.co/8Sg7BdUcVk'
2021-05-02 14:35:41,b'NageshwarFound2',b'@BeingKaamran @WhoSunilGrover https://t.co/5f4P3SeV8p 80 families are in the problems they all are covid affected p\xe2\x80\xa6 https://t.co/ewu7tKroA3'
2021-05-02 14:34:39,b'NageshwarFound2',b'@AzeemabbasiD @WhoSunilGrover https://t.co/5f4P3SeV8p 80 families are in the problems they all are covid affected p\xe2\x80\xa6 https://t.co/eoUWHPr87c'
2021-05-02 14:20:44,b'RetweetsMumbai',b'RT @adbatmanrises: #LolHasseTohPhasse proves that Indian comedians without a written script are bore ass unfunny . @TheBakraMan @sureshnmen\xe2\x80\xa6'
2021-05-02 14:15:38,b'adbatmanrises',b'#LolHasseTohPhasse proves that Indian comedians without a written script are bore ass unfunny . @TheBakraMan\xe2\x80\xa6 https://t.co/eAL8ka6CsG'
2021-05-02 13:54:53,b'Tarunchhabr',"b'Finished watching #Haseetohphasee LOL and must say have never watched such amazing,innovative &amp; obviously hilarious\xe2\x80\xa6 https://t.co/1eYeYwOci8'"
2021-05-02 12:48:45,b'tellychakkar',b'@WhoSunilGrover credits Social media for this reason\n\n#SunilGrover #tellyceleb #Tellychakkar \n\nhttps://t.co/lqGuYjLhL8'
2021-05-02 11:45:26,b'DineshK93203401',b'@WhoSunilGrover every body cover face with mask'
2021-05-02 11:41:23,b'DineshK93203401',b'@WhoSunilGrover Thank sir'
2021-05-02 11:41:05,b'beingshubham_g',"b""I think i have won the show #LOL , finished all the episodes but haven't laughed once and i am not being sarcastic\xe2\x80\xa6 https://t.co/Ti5rvlw8dj"""
2021-05-02 11:11:54,b'AmanKhan952',b'@WhoSunilGrover Bhai very good and good message \xf0\x9f\x99\x8f\xf0\x9f\x99\x8f\xf0\x9f\x99\x8f\xf0\x9f\x99\x8f\xf0\x9f\x99\x8f\xf0\x9f\x99\x8f'
2021-05-02 10:53:07,b'pareekspeaks',b'@WhoSunilGrover Condition of everyone involved in construction industry:- \nGET YOURSELF TESTED\nIf positive : home i\xe2\x80\xa6 https://t.co/gBfF1rVWn2'
2021-05-02 10:48:31,b'iampiyal11',b'@WhoSunilGrover Yes Sunil Sir we are at home!!Hope that you should remain stay safe and stay healthy at home in thi\xe2\x80\xa6 https://t.co/In0A628jSn'
2021-05-02 10:47:34,b'Awanish84',b'@WhoSunilGrover Dr Gulati is best to spend time at home \xf0\x9f\x91\x8d'
2021-05-02 10:45:39,b'shradhakejriwa1',b'@WhoSunilGrover you also take care of your health sir'
2021-05-02 10:45:36,b'sildaha',b'@WhoSunilGrover Thik h\xf0\x9f\x98\x82\xf0\x9f\x98\x82\xf0\x9f\x98\x82'
2021-05-02 10:45:33,b'KaranJa78416494',b'@WhoSunilGrover Mushoor gulati le aao YouTube par ghar par rehne wale entertain ho jayenge'
2021-05-02 10:45:25,b'WhoVivek',"b""@WhoSunilGrover Yes Sir... We're at our home \xe2\x9d\xa4\xef\xb8\x8f\xe2\x9d\xa4\xef\xb8\x8f\xe2\x9d\xa4\xef\xb8\x8f\xe2\x9d\xa4\xef\xb8\x8f\xe2\x9d\xa4\xef\xb8\x8f\xe2\x9d\xa4\xef\xb8\x8f"""
2021-05-02 09:51:45,b'ipurav941',b'Good fun watch on @PrimeVideoIN today is this show. #Binge it today. You\xe2\x80\x99ll have good laughs and it\xe2\x80\x99ll lighten ur h\xe2\x80\xa6 https://t.co/dburOlEWBZ'
2021-05-02 07:42:40,b'sulabhpuri',"b'Saw LOL: Hasse to Phasse, on @PrimeVideo, really big names in there - @WhoSunilGrover @sureshnmenon. Had a hunch\xe2\x80\xa6 https://t.co/cPTr5wVbx4'"
2021-05-02 07:30:29,b'lovelymukesh02',b'RT @BeingSalmanKhan: Aa rahe hain hum April mein to b up close n personal with u all ... see u all soon @SohailKhan @theJAEvents @beingbhav\xe2\x80\xa6'
2021-05-02 06:33:51,b'Saxenaniya',"b'RT @pinkvilla: Mallika Dua, Sunil Grover &amp; Ankita Shrivastav on LOL, working in comedy, social media pressure, etc.\nWatch now: https://t.co\xe2\x80\xa6'"
2021-05-02 06:29:28,b'itsRahulAkki',"b'RT @AkshaykumarFame: 6 Years of Gabbar is back \nMost underrated movie in mass genre, Akshay kumar as Aditya aka gabbar with beard badass lo\xe2\x80\xa6'"
2021-05-02 05:48:22,b'KaswanHardat',b'RT @bgp_ankit: Happy #WorldLaughterDay \xf0\x9f\xa4\xa3\n#WorldLaughterDay @WhoSunilGrover\n#Sunilgrover https://t.co/6mTBvMeDHV'
2021-05-02 05:46:00,b'bgp_ankit',b'Happy #WorldLaughterDay \xf0\x9f\xa4\xa3\n#WorldLaughterDay @WhoSunilGrover\n#Sunilgrover https://t.co/6mTBvMeDHV'
2021-05-02 05:35:09,b'screwedinsane',"b""Also @WhoSunilGrover sir\xf0\x9f\x99\x8f it's always a treat to watch him on screen. His timing, his punches \xf0\x9f\x98\xad\xf0\x9f\xa4\xa3 too good!"""
2021-05-02 05:28:43,b'Rahultheripper',b'A good laugh heals a lot of hurts.\n\nHappy World Laughter Day\n\nThank you all Comedians.\n@KapilSharmaK9\xe2\x80\xa6 https://t.co/DMT0GznFJ1'
2021-05-02 02:51:44,b'KhiladiFan09',"b'RT @AkshaykumarFame: 6 Years of Gabbar is back \nMost underrated movie in mass genre, Akshay kumar as Aditya aka gabbar with beard badass lo\xe2\x80\xa6'"
2021-05-02 02:10:41,b'JeevanBhatia',"b'@mid_day Agree @WhoSunilGrover , even politicians have started giving you competition in your profession and enjoyi\xe2\x80\xa6 https://t.co/f0rk2r35og'"
2021-05-01 22:09:30,b'makwana8055',"b'RT @AkshaykumarFame: 6 Years of Gabbar is back \nMost underrated movie in mass genre, Akshay kumar as Aditya aka gabbar with beard badass lo\xe2\x80\xa6'"
2021-05-01 20:40:47,b'makwana8055',"b""RT @Bhushanadhau1: #6YearsOfGabbarIsBack\n\nHospital Scene And Climax Scene Are Bestest Scenes From The Movie. @akshaykumar Sir's Best Perfor\xe2\x80\xa6"""
2021-05-01 19:59:16,b'sureshnmenon',"b'RT @NeerajDelhiWALA: @gauravgera @PrimeVideoIN @gauravgera .. GG.. You...yes only you ... are a star \xf0\x9f\x8c\x9f......IT is a super funny ,delightful\xe2\x80\xa6'"
2021-05-01 18:34:09,b'GauravAkshay16',b'\xf0\x9f\x98\x8eToday Celebrated\xf0\x9f\x8e\x89 #6YearsOfGabbarIsBack #1May2015 Star Cast @akshaykumar sir @shrutihaasan\n@sumantalwars\xe2\x80\xa6 https://t.co/7fxoI2pQbr'
2021-05-01 18:23:39,b'Manpree43161105',b'@PrimeVideoIN @WhoSunilGrover Apke show ki wait thi sir thanx'
2021-05-01 18:11:07,b'pankajn1702',b'@WhoSunilGrover  we need dr mashoor gulati to reduce/stop negative news \xf0\x9f\x99\x8f\xf0\x9f\x8f\xbb and bring some smiles back.'
2021-05-01 18:03:09,b'filmypedia',b'Finished #lolhaseetohphasee on @PrimeVideoIN in 1 sitting &amp; what a fun watch! Hosted by the amazing duo @bomanirani\xe2\x80\xa6 https://t.co/ul0gemYSDN'
2021-05-01 17:22:59,b'TheFanWarfare',b'Series Review of #lolhaseetohphasee \n\n#LOLonPrime @ArshadWarsi @bomanirani @WhoSunilGrover @KushaKapila @gauravgera\xe2\x80\xa6 https://t.co/E2bxbazeoN'
2021-05-01 16:14:48,b'jainabhinav04',b'@ArshadWarsi @gauravgera @PrimeVideoIN @bomanirani @WhoSunilGrover @KushaKapila @Broacha_Cyrus @sureshnmenon\xe2\x80\xa6 https://t.co/ZSmYvNOqUU'
2021-05-01 15:53:51,b'GauravAkshay16',b'\xf0\x9f\x98\x8eToday Celebrated\xf0\x9f\x8e\x89 #6YearsOfGabbarIsBack #1May2015 Star Cast @akshaykumar sir @shrutihaasan\n@sumantalwars\xe2\x80\xa6 https://t.co/e2Pze4o4Dt'
2021-05-01 15:50:36,b'GauravAkshay16',b'\xf0\x9f\x98\x8eToday Celebrated\xf0\x9f\x8e\x89 #6YearsOfGabbarIsBack #1May2015 Star Cast @akshaykumar sir @shrutihaasan\n@sumantalwars\xe2\x80\xa6 https://t.co/JJZCh1W6bv'
2021-05-01 15:46:57,b'GauravAkshay16',b'\xf0\x9f\x98\x8eToday Celebrated\xf0\x9f\x8e\x89 #6YearsOfGabbarIsBack #1May2015 Star Cast @akshaykumar sir @shrutihaasan\n@sumantalwars\xe2\x80\xa6 https://t.co/uTvW9WPWiw'
2021-05-01 15:42:17,b'GauravAkshay16',b'\xf0\x9f\x98\x8eToday Celebrated\xf0\x9f\x8e\x89 #6YearsOfGabbarIsBack #1May2015 Star Cast @akshaykumar sir @shrutihaasan\n@sumantalwars\xe2\x80\xa6 https://t.co/WV1RbbKKIi'
2021-05-01 15:40:38,b'GauravAkshay16',b'\xf0\x9f\x98\x8eToday Celebrated\xf0\x9f\x8e\x89 #6YearsOfGabbarIsBack #1May2015 Star Cast @akshaykumar sir @shrutihaasan\n@sumantalwars\xe2\x80\xa6 https://t.co/kzPufkRzIn'
2021-05-01 15:23:25,b'GauravAkshay16',b'\xf0\x9f\x98\x8eToday Celebrated\xf0\x9f\x8e\x89 #6YearsOfGabbarIsBack #1May2015 Star Cast @akshaykumar sir @shrutihaasan\n@sumantalwars\xe2\x80\xa6 https://t.co/iVYmLjRSsC'
2021-05-01 15:12:07,b'GauravAkshay16',b'\xf0\x9f\x98\x8eToday Celebrated\xf0\x9f\x8e\x89 #6YearsOfGabbarIsBack #1May2015 Star Cast @akshaykumar sir @shrutihaasan\n@sumantalwars\xe2\x80\xa6 https://t.co/LQLpWox14J'
2021-05-01 15:10:18,b'GauravAkshay16',b'\xf0\x9f\x98\x8eToday Celebrated\xf0\x9f\x8e\x89 #6YearsOfGabbarIsBack #1May2015 Star Cast @akshaykumar sir @shrutihaasan\n@sumantalwars\xe2\x80\xa6 https://t.co/rqbPR5ET8L'
2021-05-01 15:09:25,b'GauravAkshay16',b'\xf0\x9f\x98\x8eToday Celebrated\xf0\x9f\x8e\x89 #6YearsOfGabbarIsBack #1May2015 Star Cast @akshaykumar sir @shrutihaasan\n@sumantalwars\xe2\x80\xa6 https://t.co/O8AByrGXyN'
2021-05-01 15:08:33,b'GauravAkshay16',b'\xf0\x9f\x98\x8eToday Celebrated\xf0\x9f\x8e\x89 #6YearsOfGabbarIsBack #1May2015 Star Cast @akshaykumar sir @shrutihaasan\n@sumantalwars\xe2\x80\xa6 https://t.co/cutasQnN97'
2021-05-01 15:06:44,b'Saadzia7777',b'@BeingSalmanKhan @Bharat_TheFilm @aliabbaszafar @atulreellife @itsBhushanKumar @bindasbhidu @DishPatani\xe2\x80\xa6 https://t.co/JXkzJDaVod'
2021-05-01 15:05:35,b'GauravAkshay16',b'\xf0\x9f\x98\x8eToday Celebrated\xf0\x9f\x8e\x89 #6YearsOfGabbarIsBack #1May2015 Star Cast @akshaykumar sir @shrutihaasan\n@sumantalwars\xe2\x80\xa6 https://t.co/xBYzVz7F6v'
2021-05-01 15:04:38,b'GauravAkshay16',b'\xf0\x9f\x98\x8eToday Celebrated\xf0\x9f\x8e\x89 #6YearsOfGabbarIsBack #1May2015 Star Cast @akshaykumar sir @shrutihaasan\n@sumantalwars\xe2\x80\xa6 https://t.co/IoAf1zRbVt'
2021-05-01 15:02:44,b'GauravAkshay16',b'\xf0\x9f\x98\x8eToday Celebrated\xf0\x9f\x8e\x89 #6YearsOfGabbarIsBack #1May2015 Star Cast @akshaykumar sir @shrutihaasan\n@sumantalwars\xe2\x80\xa6 https://t.co/E3KlcHKRFc'
2021-05-01 15:01:26,b'GauravAkshay16',b'\xf0\x9f\x98\x8eToday Celebrated\xf0\x9f\x8e\x89 #6YearsOfGabbarIsBack #1May2015 Star Cast @akshaykumar sir @shrutihaasan\n@sumantalwars\xe2\x80\xa6 https://t.co/D0Yjf5qwbU'
2021-05-01 14:59:28,b'GauravAkshay16',b'\xf0\x9f\x98\x8eToday Celebrated\xf0\x9f\x8e\x89 #6YearsOfGabbarIsBack #1May2015 Star Cast @akshaykumar sir @shrutihaasan\n@sumantalwars\xe2\x80\xa6 https://t.co/90hDqyTSRY'
2021-05-01 14:58:51,b'GauravAkshay16',b'\xf0\x9f\x98\x8eToday Celebrated\xf0\x9f\x8e\x89 #6YearsOfGabbarIsBack #1May2015 Star Cast @akshaykumar sir @shrutihaasan\n@sumantalwars\xe2\x80\xa6 https://t.co/su28ImT7iO'
2021-05-01 14:58:20,b'GauravAkshay16',b'\xf0\x9f\x98\x8eToday Celebrated\xf0\x9f\x8e\x89 #6YearsOfGabbarIsBack #1May2015 Star Cast @akshaykumar sir @shrutihaasan\n@sumantalwars\xe2\x80\xa6 https://t.co/1id1XXGbw0'
2021-05-01 14:57:33,b'GauravAkshay16',b'\xf0\x9f\x98\x8eToday Celebrated\xf0\x9f\x8e\x89 #6YearsOfGabbarIsBack #1May2015 Star Cast @akshaykumar sir @shrutihaasan\n@sumantalwars\xe2\x80\xa6 https://t.co/iPztXnLphr'
2021-05-01 14:55:13,b'GauravAkshay16',b'\xf0\x9f\x98\x8eToday Celebrated\xf0\x9f\x8e\x89 #6YearsOfGabbarIsBack #1May2015 Star Cast @akshaykumar sir @shrutihaasan\n@sumantalwars\xe2\x80\xa6 https://t.co/tZuagxamir'
2021-05-01 14:54:34,b'GauravAkshay16',b'\xf0\x9f\x98\x8eToday Celebrated\xf0\x9f\x8e\x89 #6YearsOfGabbarIsBack #1May2015 Star Cast @akshaykumar sir @shrutihaasan\n@sumantalwars\xe2\x80\xa6 https://t.co/HaJvgYRNqv'
2021-05-01 14:54:31,b'Gautamk64882011',"b""@WhoSunilGrover Now I'm in very difficult situation. I'm helping more than 400 orphanage and poor  and tribal child\xe2\x80\xa6 https://t.co/9OTgyUjLe5"""
2021-05-01 14:53:44,b'GauravAkshay16',b'\xf0\x9f\x98\x8eToday Celebrated\xf0\x9f\x8e\x89 #6YearsOfGabbarIsBack #1May2015 Star Cast @akshaykumar sir @shrutihaasan\n@sumantalwars\xe2\x80\xa6 https://t.co/LiPDhoDkKO'
2021-05-01 14:52:48,b'GauravAkshay16',b'\xf0\x9f\x98\x8eToday Celebrated\xf0\x9f\x8e\x89 #6YearsOfGabbarIsBack #1May2015 Star Cast @akshaykumar sir @shrutihaasan\n@sumantalwars\xe2\x80\xa6 https://t.co/6fbLIkHssP'
2021-05-01 14:51:28,b'GauravAkshay16',b'\xf0\x9f\x98\x8eToday Celebrated\xf0\x9f\x8e\x89 #6YearsOfGabbarIsBack #1May2015 Star Cast @akshaykumar sir @shrutihaasan\n@sumantalwars\xe2\x80\xa6 https://t.co/30wy1MSIi9'
2021-05-01 14:50:55,b'GauravAkshay16',b'\xf0\x9f\x98\x8eToday Celebrated\xf0\x9f\x8e\x89 #6YearsOfGabbarIsBack #1May2015 Star Cast @akshaykumar sir @shrutihaasan\n@sumantalwars\xe2\x80\xa6 https://t.co/CJlk8kdP8r'
2021-05-01 14:50:24,b'GauravAkshay16',b'\xf0\x9f\x98\x8eToday Celebrated\xf0\x9f\x8e\x89 #6YearsOfGabbarIsBack #1May2015 Star Cast @akshaykumar sir @shrutihaasan\n@sumantalwars\xe2\x80\xa6 https://t.co/JnMLhMJI3a'
2021-05-01 14:49:21,b'GauravAkshay16',b'\xf0\x9f\x98\x8eToday Celebrated\xf0\x9f\x8e\x89 #6YearsOfGabbarIsBack #1May2015 Star Cast @akshaykumar sir @shrutihaasan\n@sumantalwars\xe2\x80\xa6 https://t.co/iahHO27pHT'
2021-05-01 14:48:06,b'GauravAkshay16',b'\xf0\x9f\x98\x8eToday Celebrated\xf0\x9f\x8e\x89 #6YearsOfGabbarIsBack #1May2015 Star Cast @akshaykumar sir @shrutihaasan\n@sumantalwars\xe2\x80\xa6 https://t.co/UBsjMeiaUY'
2021-05-01 14:42:47,b'GauravAkshay16',b'\xf0\x9f\x98\x8eToday Celebrated\xf0\x9f\x8e\x89 #6YearsOfGabbarIsBack #1May2015 Star Cast @akshaykumar sir @shrutihaasan\n@sumantalwars\xe2\x80\xa6 https://t.co/UJ8dOwN3mf'
2021-05-01 14:19:44,b'AntiBjpModiRSS',b'@iRaviTiwari @RubikaLiyaquat @doctorrichabjp @KailashOnline @AwasthiAwanishK @ayushmannk @activistritu\xe2\x80\xa6 https://t.co/7ZRIVPkrcv'
2021-05-01 14:11:12,b'NishantGambhi11',"b'@KapilSharmaK9 @SonyTV where r u Kapil? In this critical time, your show gives relief from stress and negativity. P\xe2\x80\xa6 https://t.co/ONrK2Hn9wM'"
2021-05-01 14:08:12,b'I_review_it_',b'@nishantranaCRM @bomanirani @ArshadWarsi @gauravgera @PrimeVideoIN @WhoSunilGrover Does 2/5 mean good to you?'
2021-05-01 13:58:48,b'AHodar',b'@WhoVivek @PrimeVideoIN @WhoSunilGrover @sureshnmenon Yes @sureshnmenon Sir!'
2021-05-01 13:34:00,b'UdaipurAkkians',"b'RT @AkshaykumarFame: 6 Years of Gabbar is back \nMost underrated movie in mass genre, Akshay kumar as Aditya aka gabbar with beard badass lo\xe2\x80\xa6'"
2021-05-01 13:00:54,b'PimpaleGaurav',b'@iRaviTiwari @RubikaLiyaquat @doctorrichabjp @KailashOnline @AwasthiAwanishK @ayushmannk @activistritu\xe2\x80\xa6 https://t.co/K2cWy0HrJ3'
2021-05-01 12:54:27,b'nishantranaCRM',b'@WhoSunilGrover @PrimeVideoIN @ArshadWarsi @bomanirani @KushaKapila @gauravgera @Broacha_Cyrus @sureshnmenon\xe2\x80\xa6 https://t.co/ZhnfTRX5z4'
2021-05-01 12:52:56,b'nishantranaCRM',b'@I_review_it_ @bomanirani @ArshadWarsi @gauravgera @PrimeVideoIN @WhoSunilGrover you have to be really dumb to enjo\xe2\x80\xa6 https://t.co/06uw5FXlbe'
2021-05-01 12:26:02,b'Sgtslaughter15',b'RT @Indianfarmer07: #\xe0\xa4\x85\xe0\xa4\xac_\xe0\xa4\xb9\xe0\xa5\x8b\xe0\xa4\x97\xe0\xa4\xbe_\xe0\xa4\xa4\xe0\xa4\xbe\xe0\xa4\x82\xe0\xa4\xa1\xe0\xa4\xb5 brilliant series \xe2\x9d\xa4\xef\xb8\x8f\xf0\x9f\x91\x8d@WhoSunilGrover @Kritika_Kamra  @Mdzeeshanayyub @aliabbaszafar \nGood performance goo\xe2\x80\xa6'
2021-05-01 12:07:12,b'prakah36969',b'@iRaviTiwari @RubikaLiyaquat @doctorrichabjp @KailashOnline @AwasthiAwanishK @ayushmannk @activistritu\xe2\x80\xa6 https://t.co/K2XeU1s2nM'
2021-05-01 12:05:46,b'whopaarthbhatt',b'@PrimeVideoIN @WhoSunilGrover Arshad sir \xf0\x9f\x98\x82\xe2\x9d\xa4\xef\xb8\x8f'
2021-05-01 11:46:09,b'BandanaBoruah',b'@PrimeVideoIN @WhoSunilGrover Suresh Menon'
2021-05-01 11:41:13,b'Dreamer_Kshitij',b'@PrimeVideoIN @WhoSunilGrover Suresh menon'
2021-05-01 11:30:39,b'festus_SRT',"b'RT @WhoSunilGrover: Happy birthday Master! Wishing you a health, happiness and joy always. Keep inspiring @sachin_rt \xf0\x9f\x8e\x82\xf0\x9f\x8c\xbb'"
2021-05-01 11:24:13,b'guptakrissmann',b'@WhoSunilGrover \nURGENT\nNeed tocilizumab 400 mg injection urgently\nMy grandfather is very critical\nNo. Reqd: 2\nHosp\xe2\x80\xa6 https://t.co/yunTcc3yWd'
2021-05-01 11:19:23,b'UsDeluxe',b'@iRaviTiwari @RubikaLiyaquat @doctorrichabjp @KailashOnline @AwasthiAwanishK @ayushmannk @activistritu\xe2\x80\xa6 https://t.co/5oVXF4Bubv'
2021-05-01 11:19:22,b'_legendman_',"b""6 YEARS OF 'GABBAR IS BACK' FILM.\ncongratulations \xf0\x9f\x91\x8f @akshaykumar , @shrutihaasan , @WhoSunilGrover , #KareenaKapoor\xe2\x80\xa6 https://t.co/CL98ryppUH"""
2021-05-01 11:07:45,b'Aditya18138253',"b'@PrimeVideoIN He is talking about  himself , His Character Dr. Mashoor Gulati ..@WhoSunilGrover'"
2021-05-01 10:38:58,b'shubhdeep350',"b'RT @ArshadWarsi: Keeping the buzzer\xc2\xa0\xf0\x9f\x9a\xa8\xc2\xa0ready for their LOLs, not yours\xc2\xa0\xf0\x9f\x98\x8e\n\nWatch now:\xc2\xa0https://t.co/kcBMSuXy9o\n@primevideoin #LOLonPrime #Hass\xe2\x80\xa6'"
2021-05-01 10:15:44,b'AHodar',b'@WhoSunilGrover Sir you are the Best in LOL #HasseTohPhasse All The Best!\xe2\x80\xa6'
2021-05-01 10:14:43,b'NeerajDelhiWALA',"b'@gauravgera @PrimeVideoIN @gauravgera .. GG.. You...yes only you ... are a star \xf0\x9f\x8c\x9f......IT is a super funny ,delight\xe2\x80\xa6 https://t.co/RNG5gkAfL4'"
2021-05-01 09:52:45,b'immishil',"b'All episode\xe2\x80\x99s at one go , just loved this show \xf0\x9f\x98\x82 #HasseTohPhasse #LOLonPrime @PrimeVideo . This type of shows we ne\xe2\x80\xa6 https://t.co/jxRKqILaqN'"
2021-05-01 09:18:31,b'DeepakS54954839',b'@bomanirani @ArshadWarsi @WhoSunilGrover @KushaKapila @gauravgera @Broacha_Cyrus @sureshnmenon @TheAadarGuy\xe2\x80\xa6 https://t.co/LzMgg29N5R'
2021-05-01 08:55:12,b'henne38',"b'RT @pinkvilla: Mallika Dua, Sunil Grover &amp; Ankita Shrivastav on LOL, working in comedy, social media pressure, etc.\nWatch now: https://t.co\xe2\x80\xa6'"
2021-05-01 08:49:37,b'pinkvilla',"b'Mallika Dua, Sunil Grover &amp; Ankita Shrivastav on LOL, working in comedy, social media pressure, etc.\nWatch now:\xe2\x80\xa6 https://t.co/O8ZUttgaUp'"
2021-05-01 08:33:30,b'Deepshikha_Akki',b'@AK_Keyur @deewane_filmy @akshaykumar @bhansali_produc @Shabinaa_Ent @shrutihaasan @WhoSunilGrover @IChitrangda @JaideepAhlawat Unfollow'
2021-05-01 08:30:46,b'Deepshikha_Akki',b'@AK_Keyur @deewane_filmy @akshaykumar @bhansali_produc @Shabinaa_Ent @shrutihaasan @WhoSunilGrover @IChitrangda @JaideepAhlawat Twitter'
2021-05-01 08:29:45,b'GajjarYugal',"b'RT @AkshaykumarFame: 6 Years of Gabbar is back \nMost underrated movie in mass genre, Akshay kumar as Aditya aka gabbar with beard badass lo\xe2\x80\xa6'"
2021-05-01 08:25:22,b'amarsingh1118',b'@KetanSh23601603 @WhoSunilGrover It was indeed an amazing and memorable evening ! \xf0\x9f\x91\x8c\xf0\x9f\x91\x8d'
2021-05-01 08:24:52,b'Deepshikha_Akki',b'@VISHALG78203642 @akshaykumar @bhansali_produc @Shabinaa_Ent @shrutihaasan @WhoSunilGrover @IChitrangda @JaideepAhlawat So true \xf0\x9f\x98\xa5'
2021-05-01 08:22:50,b'Deepshikha_Akki',b'@deewane_filmy @akshaykumar @bhansali_produc @Shabinaa_Ent @shrutihaasan @WhoSunilGrover @IChitrangda @JaideepAhlawat Absolutely \xf0\x9f\x92\xaf'
2021-05-01 08:22:50,b'sonalsinha_9',"b'RT @AkshaykumarFame: 6 Years of Gabbar is back \nMost underrated movie in mass genre, Akshay kumar as Aditya aka gabbar with beard badass lo\xe2\x80\xa6'"
2021-05-01 08:19:51,b'deewane_filmy',b'@Deepshikha_Akki @akshaykumar @bhansali_produc @Shabinaa_Ent @shrutihaasan @WhoSunilGrover @IChitrangda\xe2\x80\xa6 https://t.co/uVJdNgD0PX'
2021-05-01 08:12:41,b'Shrutiali4',"b""RT @AkshayDevotte: #6YearOfGabbarisback\nThe city's administration wrongs #Aditya, a commoner. To avenge his tragedy, he disguises himself a\xe2\x80\xa6"""
2021-05-01 07:56:50,b'RajivShahid',b'@deewane_filmy @akshaykumar @shrutihaasan @WhoSunilGrover Awesome film'
2021-05-01 07:52:56,b'jsalujas',"b""people on screen can't laugh \xe2\x9d\x8c\n people looking  the screen \xe2\x9c\x85 https://t.co/kot3yfO2uE\n#LOLonPrime @ArshadWarsi\xe2\x80\xa6 https://t.co/7ppXjJHz5r"""
2021-05-01 07:42:09,b'HunterCky',"b'RT @AkshaykumarFame: 6 Years of Gabbar is back \nMost underrated movie in mass genre, Akshay kumar as Aditya aka gabbar with beard badass lo\xe2\x80\xa6'"
2021-05-01 07:33:44,b'vinayakdewda',"b'RT @AkshaykumarFame: 6 Years of Gabbar is back \nMost underrated movie in mass genre, Akshay kumar as Aditya aka gabbar with beard badass lo\xe2\x80\xa6'"
2021-05-01 07:25:31,b'VikramSamal',b'#HasseTohPhasse on @PrimeVideoIN is the fun we all need in these trying times. 3 hours of crazy fun by some crazy p\xe2\x80\xa6 https://t.co/Ds5TXUaAx4'
2021-05-01 07:17:53,b'KoshishLohar',"b'RT @AkshaykumarFame: 6 Years of Gabbar is back \nMost underrated movie in mass genre, Akshay kumar as Aditya aka gabbar with beard badass lo\xe2\x80\xa6'"
2021-05-01 07:15:25,b'akkian_rajiv',"b'RT @AkshaykumarFame: 6 Years of Gabbar is back \nMost underrated movie in mass genre, Akshay kumar as Aditya aka gabbar with beard badass lo\xe2\x80\xa6'"
2021-05-01 07:02:11,b'whopaarthbhatt',"b""It's like a badge of honour \xe2\x9d\xa4\xef\xb8\x8f\xe2\x9c\xa8 #LoveorSG @WhoSunilGrover sir \xf0\x9f\xa4\x97\xe2\x9d\xa4\xef\xb8\x8f https://t.co/hfugJboqCx"""
2021-05-01 06:48:56,b'realanilakkian',b'RT @MukeshK61766507: Today calibration \xf0\x9f\x8e\x89\xf0\x9f\x8e\x89\xe2\x9d\xa4\xef\xb8\x8f #akkian  \n#6YearsOfGabbarIsBack  \n@akshaykumar @shrutihaasan @JaideepAhlawat @shrutibapna @WhoS\xe2\x80\xa6'
2021-05-01 06:46:56,b'GajjarYugal',"b""RT @AkshayDevotte: #6YearOfGabbarisback\nThe city's administration wrongs #Aditya, a commoner. To avenge his tragedy, he disguises himself a\xe2\x80\xa6"""
2021-05-01 06:42:52,b'MukeshK61766507',b'Today calibration \xf0\x9f\x8e\x89\xf0\x9f\x8e\x89\xe2\x9d\xa4\xef\xb8\x8f #akkian  \n#6YearsOfGabbarIsBack  \n@akshaykumar @shrutihaasan @JaideepAhlawat @shrutibapna\xe2\x80\xa6 https://t.co/0P1UyJ6N6R'
2021-05-01 06:41:52,b'SAMTHEBESTEST_',"b'Budget- 75cr\nBox Office- India 86cr, WW 135cr\nFootfalls- 1.07cr\nVerdict- Semi Hit\nDomestic 9th HGOTY, WW 12th HGOTY\xe2\x80\xa6 https://t.co/NYZIoCx96q'"
2021-05-01 06:41:15,b'AKFanShiv',"b'RT @AkshaykumarFame: 6 Years of Gabbar is back \nMost underrated movie in mass genre, Akshay kumar as Aditya aka gabbar with beard badass lo\xe2\x80\xa6'"
2021-05-01 06:40:47,b'Akkian_Jaheen',"b'RT @AkshaykumarFame: 6 Years of Gabbar is back \nMost underrated movie in mass genre, Akshay kumar as Aditya aka gabbar with beard badass lo\xe2\x80\xa6'"
2021-05-01 06:40:20,b'RitikSharmaAK',"b'RT @AkshaykumarFame: 6 Years of Gabbar is back \nMost underrated movie in mass genre, Akshay kumar as Aditya aka gabbar with beard badass lo\xe2\x80\xa6'"
2021-05-01 06:39:32,b'mahisto8',"b'RT @AkshaykumarFame: 6 Years of Gabbar is back \nMost underrated movie in mass genre, Akshay kumar as Aditya aka gabbar with beard badass lo\xe2\x80\xa6'"
2021-05-01 06:39:29,b'AkshaykumarFame',"b'6 Years of Gabbar is back \nMost underrated movie in mass genre, Akshay kumar as Aditya aka gabbar with beard badass\xe2\x80\xa6 https://t.co/G8Z1ZBYCvU'"
2021-05-01 06:31:47,b'GajjarYugal',b'RT @Bhushanadhau1: Celebrating #6YearsOfGabbarIsBack Today  One Of The Best Movies Which Is \nLoved By Audiances And Appreciated By Critics\xe2\x80\xa6'
2021-05-01 06:22:49,b'RajaBabu211',"b""RT @AkshayDevotte: #6YearOfGabbarisback\nThe city's administration wrongs #Aditya, a commoner. To avenge his tragedy, he disguises himself a\xe2\x80\xa6"""
2021-05-01 06:12:00,b'anup_jeppu',b'@PrimeVideoIN What a bizzare show. But damn funny!!! Laugh a riot.  \n@gauravgera what an awesome terrific performer\xe2\x80\xa6 https://t.co/GLIn2q2taV'
2021-05-01 06:09:44,b'PreetSehaj22ji',b'@gauravgera bhai aap konsi prajaati ke baashinde ho \xf0\x9f\x98\x82\xf0\x9f\x98\x82\xf0\x9f\x98\x82\xf0\x9f\x98\x82\xf0\x9f\x98\x82\xf0\x9f\x98\x82\xf0\x9f\x98\x82\nwas fully stressed but went for ur show. All were hilar\xe2\x80\xa6 https://t.co/s9cADEHmJz'
2021-05-01 05:56:16,b'DaomodharB',b'@ArshadWarsi @bomanirani @WhoSunilGrover @sureshnmenon @gauravgera @TheAadarGuy @KushaKapila @Broacha_Cyrus\xe2\x80\xa6 https://t.co/rwI0AZ12uO'
2021-05-01 05:18:35,b'Samsrahman4',b'Requesting your support in whatever way you can\xf0\x9f\x99\x8f\xf0\x9f\x99\x8f\xf0\x9f\x99\x8f\n\n@itsmeabir @swastika24 @SonuSood @srijitspeaketh @idevadhikari\xe2\x80\xa6 https://t.co/ugAIFzDKXR'
2021-05-01 05:10:58,b'AKKIsBatman',b'@deewane_filmy @akshaykumar @shrutihaasan @WhoSunilGrover This Scene have Separate Fanbase \xf0\x9f\x91\x8c\xe2\x9d\xa4\xef\xb8\x8f'
2021-05-01 04:44:37,b'romi_saheb',b'@WhoSunilGrover what a busy day paa ji\xf0\x9f\x98\x82\xf0\x9f\x98\x82 https://t.co/ZA4JjuydOj'
2021-05-01 04:23:34,b'D_K_Pawar',b'@ArshadWarsi @gauravgera @PrimeVideoIN @bomanirani @WhoSunilGrover @KushaKapila @Broacha_Cyrus @sureshnmenon\xe2\x80\xa6 https://t.co/lMODgP0ss0'
2021-05-01 04:07:19,b'NeerajDelhiWALA',b'@ArshadWarsi @PrimeVideoIN @bomanirani @WhoSunilGrover @KushaKapila @gauravgera @Broacha_Cyrus @sureshnmenon\xe2\x80\xa6 https://t.co/LMel8GZqVi'
2021-05-01 04:04:50,b'Bhushanadhau1',"b""#6YearsOfGabbarIsBack\n\nHospital Scene And Climax Scene Are Bestest Scenes From The Movie. @akshaykumar Sir's Best P\xe2\x80\xa6 https://t.co/ElMq3ZthrV"""
2021-05-01 03:51:34,b'Maheshsalunke56',b'RT @Bhushanadhau1: Celebrating #6YearsOfGabbarIsBack Today  One Of The Best Movies Which Is \nLoved By Audiances And Appreciated By Critics\xe2\x80\xa6'
2021-05-01 03:42:53,b'PartapGaurav',b'RT @WhoSunilGrover: It\xe2\x80\x99s shocking to know about Sridevi ji. May her soul rest in peace. \xf0\x9f\x99\x8f'
2021-05-01 02:31:19,b'Dev_the_gabbar',b'RT @Bhushanadhau1: Celebrating #6YearsOfGabbarIsBack Today  One Of The Best Movies Which Is \nLoved By Audiances And Appreciated By Critics\xe2\x80\xa6'
2021-05-01 02:01:00,b'Anshshruti28',"b""RT @AkshayDevotte: #6YearOfGabbarisback\nThe city's administration wrongs #Aditya, a commoner. To avenge his tragedy, he disguises himself a\xe2\x80\xa6"""
2021-05-01 01:34:36,b'Bhushanadhau1',b'Celebrating #6YearsOfGabbarIsBack Today  One Of The Best Movies Which Is \nLoved By Audiances And Appreciated By Cri\xe2\x80\xa6 https://t.co/zbv53D8Z6i'
2021-05-01 01:14:04,b'EarthWasi',b'@ArshadWarsi @PrimeVideoIN @bomanirani @WhoSunilGrover @KushaKapila @gauravgera @Broacha_Cyrus @sureshnmenon\xe2\x80\xa6 https://t.co/vMrmb3FVzx'
2021-05-01 01:01:20,b'dhirvicky8',"b""RT @AkshayDevotte: #6YearOfGabbarisback\nThe city's administration wrongs #Aditya, a commoner. To avenge his tragedy, he disguises himself a\xe2\x80\xa6"""
2021-05-01 00:59:07,b'AkshayDevotte',"b""#6YearOfGabbarisback\nThe city's administration wrongs #Aditya, a commoner. To avenge his tragedy, he disguises hims\xe2\x80\xa6 https://t.co/7sxhdX6YT7"""
2021-05-01 00:37:34,b'RupinnPahwa',"b""just binged on @PrimeVideo 's @HaseeTohPhasee and I'm really glad @gauravgera won! @WhoSunilGrover and #Sureshmenon\xe2\x80\xa6 https://t.co/Fv1UHlnaom"""
2021-04-30 21:35:35,b'SHANKAR59509923',b'@ArshadWarsi @gauravgera @PrimeVideoIN @bomanirani @WhoSunilGrover @KushaKapila @Broacha_Cyrus @sureshnmenon\xe2\x80\xa6 https://t.co/PrIdtke35R'
2021-04-30 21:16:55,b'anurag_wats',"b'RT @ArshadWarsi: Keeping the buzzer\xc2\xa0\xf0\x9f\x9a\xa8\xc2\xa0ready for their LOLs, not yours\xc2\xa0\xf0\x9f\x98\x8e\n\nWatch now:\xc2\xa0https://t.co/kcBMSuXy9o\n@primevideoin #LOLonPrime #Hass\xe2\x80\xa6'"
2021-04-30 19:31:45,b'Vishal_Vadhia',b'@ArshadWarsi @gauravgera @PrimeVideoIN @bomanirani @WhoSunilGrover @KushaKapila @Broacha_Cyrus @sureshnmenon\xe2\x80\xa6 https://t.co/gN3yVPZvNi'
2021-04-30 19:29:22,b'Vishal_Vadhia',b'@PrimeVideoIN @WhoSunilGrover @ArshadWarsi @bomanirani @KushaKapila @gauravgera @Broacha_Cyrus @sureshnmenon\xe2\x80\xa6 https://t.co/w3dmkOz1Fs'
2021-04-30 18:49:42,b'Greyhound1301',b'@PrimeVideoIN #LOLonPrime The show is freaking great and all who came except Ankita she took someone deserving plac\xe2\x80\xa6 https://t.co/Et1VYfEgXM'
2021-04-30 18:18:13,b'aDeSe',b'@WhoSunilGrover would love to get your support on our fundraiser https://t.co/hSxC7Co2C8 for covid relief. We have\xe2\x80\xa6 https://t.co/XwjdRQ2y3J'
2021-04-30 18:06:44,b'lyfgoesonn4',b'Only #ComedyNightsWithKapil can save our mental illness the scaryness in this difficult in this highly frustrating\xe2\x80\xa6 https://t.co/3wZpGEvyw7'
2021-04-30 17:42:53,b'JineshJ36582423',b'@ArshadWarsi @PrimeVideoIN @bomanirani @WhoSunilGrover @KushaKapila @gauravgera @Broacha_Cyrus @sureshnmenon\xe2\x80\xa6 https://t.co/iFnQS82oHl'
2021-04-30 17:36:12,b'andhalekaran',b'RT @BeingSalmanKhan: Life slow-motion mein jaane wali hai \n#SlowMotionTeaser OUT NOW - https://t.co/LP1a4LEgUh\n\n@Bharat_TheFilm @aliabbasza\xe2\x80\xa6'
2021-04-30 17:35:23,b'andhalekaran',b'RT @imKamaalKhan: Congrats to the entire cast/crew of #bharat_thefilm on the huge success of #bharat \xf0\x9f\x91\x8f\xf0\x9f\x8f\xbb @BeingSalmanKhan #KatrinaKaif @alia\xe2\x80\xa6'
2021-04-30 17:34:46,b'andhalekaran',"b'RT @imKamaalKhan: Looking forward to performing and meeting you all across 9 cities in USA &amp; Canada this April - Dont miss it, its a once i\xe2\x80\xa6'"
2021-04-30 17:05:02,b'ParibhashaV',b'@PrimeVideoIN @ArshadWarsi @bomanirani @WhoSunilGrover @KushaKapila @gauravgera @Broacha_Cyrus @sureshnmenon\xe2\x80\xa6 https://t.co/nmuUlfnBtq'
2021-04-30 17:04:36,b'Koimoi',"b'.@WhoSunilGrover says, ""When films started coming, people thought that may be audience for plays would be affected\xe2\x80\xa6 https://t.co/zQNKm0R7mj'"
2021-04-30 16:40:28,b'jyotsnadevi33',b'RT @akriti1777: This show is amazing guys watch it on prime video\xe2\x9d\xa4\xef\xb8\x8f\xe2\x9d\xa4\xef\xb8\x8f\xf0\x9f\xa4\xa3 for a laughing session\xf0\x9f\x92\x9e hooting for @WhoSunilGrover  @gauravgera  @B\xe2\x80\xa6'
2021-04-30 16:39:36,b'ReverendSpeaks',b'@WhoSunilGrover @PrimeVideoIN @ArshadWarsi @bomanirani @KushaKapila @gauravgera @Broacha_Cyrus @sureshnmenon\xe2\x80\xa6 https://t.co/qeSjzJ7ZD7'
2021-04-30 16:14:19,b'andu31',b'@ArshadWarsi @PrimeVideoIN @bomanirani @WhoSunilGrover @KushaKapila @gauravgera @Broacha_Cyrus @sureshnmenon\xe2\x80\xa6 https://t.co/vgrb3IgCUZ'
2021-04-30 15:38:16,b'thisiskarthickr',b'RT @peackermedia: OTT Update\n\nName : #lol  \nSeason : #season1 #s1\nLanguage : #hindi \nCountry : #india \nChannel : @PrimeVideoIN\nActor : @Ars\xe2\x80\xa6'
2021-04-30 15:38:06,b'iktara0608',b'New concept and favourite characters! Now watching #LOL #HassetohPhasse \n\n@PrimeVideoIN @KushaKapila @WhoSunilGrover'
2021-04-30 15:38:05,b'Ron_Suryavanshi',b'@SabbirKhanFilms @iTIGERSHROFF @ShraddhaKapoor @isudheerbabu @WhoSunilGrover @SHIFUJIJAIHIND @imsanjaimishra Amazing \xe2\x9d\xa4\xef\xb8\x8f\xe2\x9d\xa4\xef\xb8\x8f\xf0\x9f\x98\xb1\xe2\x9d\xa4\xef\xb8\x8f'
2021-04-30 15:37:19,b'Ron_Suryavanshi',b'RT @SabbirKhanFilms: Celebrating #5YearsOfBaaghi - A classic action film that you can watch with your entire family.\n\n@iTIGERSHROFF @Shradd\xe2\x80\xa6'
2021-04-30 15:37:00,b'MardarajDevi',b'RT @akriti1777: This show is amazing guys watch it on prime video\xe2\x9d\xa4\xef\xb8\x8f\xe2\x9d\xa4\xef\xb8\x8f\xf0\x9f\xa4\xa3 for a laughing session\xf0\x9f\x92\x9e hooting for @WhoSunilGrover  @gauravgera  @B\xe2\x80\xa6'
2021-04-30 15:15:55,b'faisalKhiladi',"b'RT @ArshadWarsi: Keeping the buzzer\xc2\xa0\xf0\x9f\x9a\xa8\xc2\xa0ready for their LOLs, not yours\xc2\xa0\xf0\x9f\x98\x8e\n\nWatch now:\xc2\xa0https://t.co/kcBMSuXy9o\n@primevideoin #LOLonPrime #Hass\xe2\x80\xa6'"
2021-04-30 15:14:27,b'maheshwarys',"b'@WhoSunilGrover bro, you &amp; Kapil need to makeup for us to see u guy\xe2\x80\x99s together, just like Krishna has done, ego has\xe2\x80\xa6 https://t.co/W3AU9r4uPX'"
2021-04-30 15:06:00,b'TataSkyBinge',"b""@bomanirani @PrimeVideoIN It's going to be a fuunnylicious journey on #LOLonPrime. @bomanirani @ArshadWarsi\xe2\x80\xa6 https://t.co/LCzYO9ZsoP"""
2021-04-30 14:52:17,b'yespunjab',b'Sunil Grover: So much talent has come forth because of social media\n\n#SunilGrover #SocialMedia @WhoSunilGrover \n\nhttps://t.co/9wmbLuxKel'
2021-04-30 14:01:16,b'peackermedia',b'OTT Update\n\nName : #lol  \nSeason : #season1 #s1\nLanguage : #hindi \nCountry : #india \nChannel : @PrimeVideoIN\nActor\xe2\x80\xa6 https://t.co/8X4hnNMGdy'
2021-04-30 13:27:20,b'SarcasmFunLtd',"b'If there is one thing more painful than COVID-19, it is the new show LOL on prime..You may feel breathlessness by t\xe2\x80\xa6 https://t.co/Uc5Wv1xJd4'"
2021-04-30 12:39:21,b'SrideviKapoor',b'RT @WhoSunilGrover: It\xe2\x80\x99s shocking to know about Sridevi ji. May her soul rest in peace. \xf0\x9f\x99\x8f'
2021-04-30 12:12:20,b'vyas_gargi',"b'#LOL HaseeTohPhasee - Review  \n\n\xe2\xad\x90\xef\xb8\x8f\xe2\xad\x90\xef\xb8\x8f\xe2\xad\x90\xef\xb8\x8f\n"" Unique Dose Of Entertainment ""\n\n@bomanirani @ArshadWarsi @gauravgera\xe2\x80\xa6 https://t.co/mZ47ltTM8E'"
2021-04-30 12:11:00,b'bobbyaggarwal',b'@PrimeVideoIN @ArshadWarsi @bomanirani @WhoSunilGrover @KushaKapila @gauravgera @Broacha_Cyrus @sureshnmenon\xe2\x80\xa6 https://t.co/I56o3FkCpC'
2021-04-30 12:09:50,b'pari2060',b'@PrimeVideoIN @WhoSunilGrover @ArshadWarsi @bomanirani @KushaKapila @gauravgera @Broacha_Cyrus @sureshnmenon\xe2\x80\xa6 https://t.co/iFk4fepQmN'
2021-04-30 12:04:29,b'unnispeaks',b'@ArshadWarsi @PrimeVideoIN @bomanirani @WhoSunilGrover @KushaKapila @gauravgera @Broacha_Cyrus @sureshnmenon\xe2\x80\xa6 https://t.co/1S1RtRpC3O'
2021-04-30 11:52:45,b'piyushdaga4892',b'@ArshadWarsi @gauravgera @PrimeVideoIN @bomanirani @WhoSunilGrover @KushaKapila @Broacha_Cyrus @sureshnmenon\xe2\x80\xa6 https://t.co/1IAYtFYsJi'
2021-04-30 11:08:01,b'ianslife_in',b'#SunilGrover (@WhoSunilGrover) has been making people laugh with his antics as a funnyman on television for years.\xe2\x80\xa6 https://t.co/yunXNwY16v'
2021-04-30 11:00:11,b'AbsoluteIndNews',b'Sunil Grover: So much talent has come forth because of social media \nhttps://t.co/8yflAOiXba\n@WhoSunilGrover\xe2\x80\xa6 https://t.co/zYDFf4YfTK'
2021-04-30 10:39:50,b'sandytripathi',"b'RT @ArshadWarsi: Keeping the buzzer\xc2\xa0\xf0\x9f\x9a\xa8\xc2\xa0ready for their LOLs, not yours\xc2\xa0\xf0\x9f\x98\x8e\n\nWatch now:\xc2\xa0https://t.co/kcBMSuXy9o\n@primevideoin #LOLonPrime #Hass\xe2\x80\xa6'"
2021-04-30 10:13:12,b'iAmHriger',b'RT @ITT28067984: 5 years of Superhit #Baaghi \xe2\x9d\xa4\xf0\x9f\x94\xa5\n@iTIGERSHROFF @ShraddhaKapoor @isudheerbabu @WhoSunilGrover @NGEMovies @AyeshaShroff @TeamT\xe2\x80\xa6'
2021-04-30 10:03:46,b'the_newsmen',b'Sunil Grover has been making people laugh with his antics as a funnyman on television for years. He has also impres\xe2\x80\xa6 https://t.co/HGBSysLYnv'
2021-04-30 09:49:51,b'bramnsachin',b'Loved your show LOL-Hasse Toh Phasse a lot. Hope to see more seasons ahead. Very funny! \n@ArshadWarsi @bomanirani @WhoSunilGrover #LOL'
2021-04-30 09:36:02,b'krunalpanchal15',b'#HasseTohPhasse \n\nI can\xe2\x80\x99t stop laughing...\nThank you #AmazonPrimeVideo @WhoSunilGrover @ArshadWarsi @bomanirani \nFo\xe2\x80\xa6 https://t.co/1ExoBnA1nn'
2021-04-30 09:31:09,b'GuruGyan2',b'@ArshadWarsi @PrimeVideoIN @bomanirani @WhoSunilGrover @KushaKapila @gauravgera @Broacha_Cyrus @sureshnmenon\xe2\x80\xa6 https://t.co/1LTAFLbJZz'
2021-04-30 09:07:00,b'rohanpoojary75',b'Whatta show #HasseTohPhasse @PrimeVideoIN Amazing hosts @bomanirani &amp; @ArshadWarsi matlab itne sweet aur sakht hai\xe2\x80\xa6 https://t.co/6Jle9lnXaE'
2021-04-30 08:57:45,b'BishalR28588227',"b'RT @ArshadWarsi: Keeping the buzzer\xc2\xa0\xf0\x9f\x9a\xa8\xc2\xa0ready for their LOLs, not yours\xc2\xa0\xf0\x9f\x98\x8e\n\nWatch now:\xc2\xa0https://t.co/kcBMSuXy9o\n@primevideoin #LOLonPrime #Hass\xe2\x80\xa6'"
2021-04-30 08:40:12,b'iamkumar6',"b'RT @ArshadWarsi: Keeping the buzzer\xc2\xa0\xf0\x9f\x9a\xa8\xc2\xa0ready for their LOLs, not yours\xc2\xa0\xf0\x9f\x98\x8e\n\nWatch now:\xc2\xa0https://t.co/kcBMSuXy9o\n@primevideoin #LOLonPrime #Hass\xe2\x80\xa6'"
2021-04-30 08:34:05,b'jai22259438',b'nice project\n\n@iAmitBhadana @WhoSunilGrover @IPSMSRandhawa @arun10venkat https://t.co/gCaLJzJ9yT'
2021-04-30 08:00:42,b'gauravgera',"b'RT @ArshadWarsi: Keeping the buzzer\xc2\xa0\xf0\x9f\x9a\xa8\xc2\xa0ready for their LOLs, not yours\xc2\xa0\xf0\x9f\x98\x8e\n\nWatch now:\xc2\xa0https://t.co/kcBMSuXy9o\n@primevideoin #LOLonPrime #Hass\xe2\x80\xa6'"
2021-04-30 07:03:00,b'akriti1777',b'This show is amazing guys watch it on prime video\xe2\x9d\xa4\xef\xb8\x8f\xe2\x9d\xa4\xef\xb8\x8f\xf0\x9f\xa4\xa3 for a laughing session\xf0\x9f\x92\x9e hooting for @WhoSunilGrover\xe2\x80\xa6 https://t.co/xLqCB7wATG'
2021-04-30 07:02:25,b'OpinionExpress',b'#Bollywood: Sunil Grover has been making people laugh with his antics as a funnyman on television for years.\xe2\x80\xa6 https://t.co/o4GHTTRiei'
2021-04-30 07:02:01,b'Tigerian_Pratik',b'RT @ITT28067984: 5 years of Superhit #Baaghi \xe2\x9d\xa4\xf0\x9f\x94\xa5\n@iTIGERSHROFF @ShraddhaKapoor @isudheerbabu @WhoSunilGrover @NGEMovies @AyeshaShroff @TeamT\xe2\x80\xa6'
2021-04-30 06:56:27,b'chandan95074055',b'@PrimeVideoIN @ArshadWarsi @bomanirani @WhoSunilGrover @KushaKapila @gauravgera @Broacha_Cyrus @sureshnmenon\xe2\x80\xa6 https://t.co/kr4rPmiEqc'
2021-04-30 06:56:10,b'Rishiroody',b'@gauravgera you were just fantastic in #LOLhassetophasse what energy and craziness... @ArshadWarsi @bomanirani and\xe2\x80\xa6 https://t.co/I6x4uZ9lXD'
2021-04-30 06:50:10,b'followshashank1',b'Gaurav gera is the man of this Show\nHe must win this show\nJab se aaye ha pura show me hi bhaisaab\n@primevideoin\xe2\x80\xa6 https://t.co/FleBP60kbO'
2021-04-30 06:42:49,b'iwmbuzz',b'OH SO FUNNY: 5 funny moments from @PrimeVideoIN \xe2\x80\x99s\xc2\xa0LOL \xe2\x80\x93 Hasse Toh Phasse\xc2\xa0that will leave you in splits Follow Us o\xe2\x80\xa6 https://t.co/944lhuXfwd'
2021-04-30 06:33:12,b'chandan95074055',b'@PrimeVideoIN who the hell give you dumb ideas you are watching your favorite comedian not being allowed to laugh i\xe2\x80\xa6 https://t.co/nV1hk2e8Ou'
2021-04-30 05:55:10,b'Ravish2808',b'@WhoSunilGrover @ravikishann @RajkummarRao @RandeepHooda Plz plz help the gentleman gettin bed in Gurgaon.\nPatient\xe2\x80\xa6 https://t.co/sItANuserZ'
2021-04-30 05:39:29,b'chitkarapuneet',b'@ArshadWarsi @PrimeVideoIN @bomanirani @WhoSunilGrover @KushaKapila @gauravgera @Broacha_Cyrus @sureshnmenon\xe2\x80\xa6 https://t.co/TuV9n6TPID'
2021-04-30 05:38:06,b'Only_gautam',b'What the fukcing shit is this. Wtf bc ek episode dekha ulti ho gyi literally. The best thing what I actually laughe\xe2\x80\xa6 https://t.co/BKfuyAAuh0'
2021-04-30 05:37:32,b'PranavChopra',b'Never thought I would binge watch a comedy show but #HasseTohPhasse on @PrimeVideoIN is such a refreshing concept &amp;\xe2\x80\xa6 https://t.co/Vkb5FIzobh'
2021-04-30 05:29:30,b'dar_pun',b'@PrimeVideoIN @ArshadWarsi @bomanirani @WhoSunilGrover @KushaKapila @gauravgera @Broacha_Cyrus @sureshnmenon\xe2\x80\xa6 https://t.co/2kSEPTh4IF'
2021-04-30 05:06:38,b'rohitvaryanis7',b'@ArshadWarsi @PrimeVideoIN @bomanirani @WhoSunilGrover @KushaKapila @gauravgera @Broacha_Cyrus @sureshnmenon\xe2\x80\xa6 https://t.co/o2s7qNUdfG'
2021-04-30 04:58:48,b'ArshadWarsi',"b'Keeping the buzzer\xc2\xa0\xf0\x9f\x9a\xa8\xc2\xa0ready for their LOLs, not yours\xc2\xa0\xf0\x9f\x98\x8e\n\nWatch now:\xc2\xa0https://t.co/kcBMSuXy9o\n@primevideoin\xe2\x80\xa6 https://t.co/CkjtRV7Mlc'"
2021-04-30 04:37:43,b'Abhijitpaatra',b'RT @SabbirKhanFilms: Celebrating #5YearsOfBaaghi - A classic action film that you can watch with your entire family.\n\n@iTIGERSHROFF @Shradd\xe2\x80\xa6'
2021-04-30 03:51:52,b'BarbieSyco',"b""RT @PrimeVideoIN: people on screen can't laugh \xe2\x9d\x8c\nbut people looking at the screen can \xe2\x9c\x85\n\nwatch now: https://t.co/b8EyTE327E\n\n#LOLonPrime @A\xe2\x80\xa6"""
2021-04-30 03:30:58,b'AzharEssa5',b'@WhoSunilGrover please come back on secreen my #Doctor #mashooor #ghulaati\xe2\x9d\xa4\xef\xb8\x8f\xe2\x9d\xa4\xef\xb8\x8f You are not a doctor you are an institution \xf0\x9f\x99\x83'
2021-04-30 02:50:31,b'bhavya_doshi_7',"b""@PrimeVideoIN really loved the concept of LoL Hasse toh Phasse on how to make others laugh, TBH it wasn't perfect b\xe2\x80\xa6 https://t.co/oTkm2oJnxj"""
2021-04-30 02:41:49,b'Dmaniax0',b'@PrimeVideoIN @ArshadWarsi @bomanirani @WhoSunilGrover @KushaKapila @gauravgera @Broacha_Cyrus @sureshnmenon\xe2\x80\xa6 https://t.co/Kzku85VZTE'
2021-04-30 02:35:56,b'CinemaRareIN',"b'RT @CinemaRareIN: New series #LOL : #HasseTohPhasse S1 (2021), hosted by @bomanirani &amp; @ArshadWarsi, now streaming on @PrimeVideoIN.\n\nFeatu\xe2\x80\xa6'"
2021-04-30 02:02:05,b'iamkhudiram',b'@PrimeVideoIN @ArshadWarsi @bomanirani @WhoSunilGrover @KushaKapila @gauravgera @Broacha_Cyrus @sureshnmenon\xe2\x80\xa6 https://t.co/LVw15nh0Ue'
2021-04-30 01:42:29,b'GaneshGodera',"b""RT @PrimeVideoIN: people on screen can't laugh \xe2\x9d\x8c\nbut people looking at the screen can \xe2\x9c\x85\n\nwatch now: https://t.co/b8EyTE327E\n\n#LOLonPrime @A\xe2\x80\xa6"""
2021-04-30 01:04:47,b'rishabhkridious',b'Just binged on #LOL @PrimeVideo . @WhoSunilGrover and @gauravgera you two have been my favourite to watch since I c\xe2\x80\xa6 https://t.co/Aq8mkfZLHK'
2021-04-30 00:55:14,b'iamamandua',b'@PrimeVideoIN @ArshadWarsi @bomanirani @WhoSunilGrover @KushaKapila @gauravgera @Broacha_Cyrus @sureshnmenon\xe2\x80\xa6 https://t.co/cDBxAAi1aW'
