2021-05-07 15:01:45,b'mikejava85',b'@ReheSamay man I was already watching @GothamChess for recently how to win series. Will watch the sub battle on his\xe2\x80\xa6 https://t.co/wrTXHZmur4'
2021-05-07 14:57:19,b'iamniri',b'RT @chesscom_in: \xf0\x9f\x8c\x9f A funny clip to brighten your evening!\n\n\xf0\x9f\x98\x8d Watch this clip featuring @vishy64theking @viditchess @ReheSamay @HarikaDronav\xe2\x80\xa6'
2021-05-07 14:50:36,b'samsamkit',b'Even Gods are imperfect! \nObs and Spreadsheet Improvement streams coming soon by @anishgiri\n\n@ReheSamay\xe2\x80\xa6 https://t.co/QmSpGMm3lJ'
2021-05-07 14:47:12,b'rahulharrysrk',b'@anishgiri @DavidHowellGM @ReheSamay AND @GothamChess LOVING YOU ON STREAM'
2021-05-07 14:26:12,b'wizard_of_shock',"b'Have been watching rap battles all day today, and now I definitely wanna see Smoke vs Piku Ross\n@ReheSamay please can you be the MC?'"
2021-05-07 13:47:33,b'linkesh_m',b'@chesscom_in @vishy64theking @viditchess @ReheSamay @HarikaDronavali @adhibanchess @ChessKazakh All the best'
2021-05-07 13:46:27,b'Kashyap68807827',b'@ReheSamay Plus that loser has to keep the new look as  their Twitter profile pic'
2021-05-07 13:44:02,b'tech_Queries',b'I will design viral youtube thumbnail in hours for $5 on #Fiverr https://t.co/YBWzAqZcFT  @ReheSamay @rpragchess\xe2\x80\xa6 https://t.co/OBjaRdT8RN'
2021-05-07 13:41:39,b'emsane_tweets',b'@theworldchess Watch @ReheSamay'
2021-05-07 13:39:19,b'ajedrezenlaplza',b'RT @chesscom_in: \xf0\x9f\x8c\x9f A funny clip to brighten your evening!\n\n\xf0\x9f\x98\x8d Watch this clip featuring @vishy64theking @viditchess @ReheSamay @HarikaDronav\xe2\x80\xa6'
2021-05-07 13:34:42,b'ChessKazakh',b'RT @chesscom_in: \xf0\x9f\x8c\x9f A funny clip to brighten your evening!\n\n\xf0\x9f\x98\x8d Watch this clip featuring @vishy64theking @viditchess @ReheSamay @HarikaDronav\xe2\x80\xa6'
2021-05-07 13:34:15,b'itherocky',b'RT @chesscom_in: \xf0\x9f\x8c\x9f A funny clip to brighten your evening!\n\n\xf0\x9f\x98\x8d Watch this clip featuring @vishy64theking @viditchess @ReheSamay @HarikaDronav\xe2\x80\xa6'
2021-05-07 13:32:23,b'AkshatS01017592',b'@coolboy_joel @coolboy_joel  play a chess match with @ReheSamay \xf0\x9f\x98\x81\xf0\x9f\x98\x81'
2021-05-07 13:31:03,b'chesscom_in',b'\xf0\x9f\x8c\x9f A funny clip to brighten your evening!\n\n\xf0\x9f\x98\x8d Watch this clip featuring @vishy64theking @viditchess @ReheSamay\xe2\x80\xa6 https://t.co/VIi2A2sXme'
2021-05-07 12:21:49,b'CryptoCalling',b'@ReheSamay VeChain $VET breakout.\n\nAiming for New ATH now !! LFG !! https://t.co/W2z9N0M9qQ'
2021-05-07 11:20:36,b'0xSagaCity',b'@Pranayjha9270 @MrLlamaSC @ReheSamay @Northernlion @Logic301 AlexSem was his chess id'
2021-05-07 11:19:47,b'Kiran_Mankame',b'@chesscom_in @philamuseum @ChessbaseIndia @ReheSamay @viditchess Very beautiful \xf0\x9f\x98\x8d'
2021-05-07 11:14:28,b'deekshithnetha0',b'#SOS #hyderabad #baricitinib #covid\n\nRequire Baricitinib tablets for my father who is covid positive. Not available\xe2\x80\xa6 https://t.co/i2s3YZp1LU'
2021-05-07 11:00:05,b'HeAleR59355884',b'@ReheSamay Samay mai tere bacche ki maa bann ne vali hoon ...nhi nhi shayad  baap ban ne vala hoon ....chalo pta nh\xe2\x80\xa6 https://t.co/x06myLzl34'
2021-05-07 10:35:56,b'daynalove28',b'RT @Logic301: @ReheSamay @MrLlamaSC @Northernlion It was a pleasure!!'
2021-05-07 10:35:52,b'daynalove28',b'RT @ReheSamay: Thank you so much for inviting me! It was so much fun!! Congratulations @MrLlamaSC @Northernlion and everyone. Felt incredib\xe2\x80\xa6'
2021-05-07 10:15:56,b'foohrafza',b'@ReheSamay wtf samay\xf0\x9f\x98\x82\xf0\x9f\x98\x82'
2021-05-07 10:09:46,b'VedanshPathak4',b'RT @Logic301: @ReheSamay @MrLlamaSC @Northernlion It was a pleasure!!'
2021-05-07 09:56:47,b'_becomedeath_',b'@Shashankspbh @anirudhnegi11 @KashyArnav @ReheSamay @MrLlamaSC @Northernlion @Logic301 Sex change se he can bcm WGM'
2021-05-07 09:22:20,b'atiab_kalam',"b""Does Posting pictures with celebrity Increases reach???\nLet's Find out\n(PS: love you @ReheSamay )\n#FirstPost\xe2\x80\xa6 https://t.co/jxhNehz6Bb"""
2021-05-07 08:59:03,b'Anonymo44627835',"b'@ishant_HODL @ReheSamay @binance If you are just starting, you can use CoinDCX, the one samay uses, but if you can\xe2\x80\xa6 https://t.co/AngKS0DxbX'"
2021-05-07 08:51:08,b'Ag4711433420',b'@Logic301 @ReheSamay @MrLlamaSC @Northernlion Oh my god. Samay u gotta check it out. Logic replied. Fanboy moment lol. @ReheSamay'
2021-05-07 08:26:52,b'adityadave37',b'RT @MrLlamaSC: @ReheSamay LOL hit me up on discord we can discuss the odds ;D'
2021-05-07 08:23:26,b'Chirag_VB',"b'RT @itherocky: BREAKING!\nIndian star Samay Raina outwits several other streamers to win the Botez Bullet Invitational.\n\n@ReheSamay wins $4,\xe2\x80\xa6'"
2021-05-07 08:18:12,b'SanjayA29239876',"b'RT @ReheSamay: @anishgiri @viditchess No, vidit it all'"
2021-05-07 08:03:16,b'thegeneralmyth',b'Cant wait for this one @ReheSamay\nhttps://t.co/18AfYTFmch'
2021-05-07 07:41:22,b'Unn_DueDiligenc',b'@hyverxgamingofc @ReheSamay @ChessbaseIndia He knows the amount samay will be getting. He only mentioned the name o\xe2\x80\xa6 https://t.co/s9F5jHaOTf'
2021-05-07 07:30:22,b'sammisam8888',b'@PratyushBaral @anishgiri @ReheSamay I was just tryna build conspiracy theories &amp; get attention lol \xf0\x9f\x98\x82'
2021-05-07 07:18:23,b'NiveshBhandari',"b'RT @alexandravbotez: (10/38) @ReheSamay, bullet ELO: 1606. Indian Stand Up Comedian turned chess/gaming content creator during the pandemic\xe2\x80\xa6'"
2021-05-07 07:17:40,b'NiveshBhandari',b'RT @alexandravbotez: Congrats to @ReheSamay for winning today! @MrLlamaSC for 2nd place and @Northernlion for 3rd place. Thank you to every\xe2\x80\xa6'
2021-05-07 07:07:57,b'ShindeShreyash8',b'@Logic301 @ReheSamay @MrLlamaSC @Northernlion Samay after looking your reply https://t.co/nffw9DOIJ0'
2021-05-07 07:06:54,b'MichaelFaradey7',b'@ReheSamay Samay op in chat\xf0\x9f\x92\xa5'
2021-05-07 07:02:30,b'AdityaAhuja05',b'@sammisam8888 @ReheSamay @7Deveshkhatri nice defence \xf0\x9f\x98\x81'
2021-05-07 06:45:30,b'PREKSHA_TWEETS_',b'@ReheSamay @anishgiri @viditchess How much Samay it took you to come up with this?'
2021-05-07 06:42:07,b'tinguping',"b'RT @ReheSamay: @anishgiri @viditchess No, vidit it all'"
2021-05-07 06:09:11,b'Shreyaskar8',"b'@ReheSamay Ho gya bhai , move on now'"
2021-05-07 06:03:53,b'PratyushBaral',b'@AnnaCramling @alexandravbotez @ReheSamay @MrLlamaSC @Northernlion @chesscom Requesting @AnnaCramling  to use this\xe2\x80\xa6 https://t.co/foNHHmdzeF'
2021-05-07 06:02:16,b'pathade_prajwal',b'RT @AmanSin66019920: I wanna see this on Trending!! @ReheSamay #lavdekaexam'
2021-05-07 06:02:01,b'pathade_prajwal',b'RT @bhusari_radha: #lavdeKaExam\nInspired by @ReheSamay gamer rapid chess player youtuber influencer God https://t.co/rHIJeqkPXa'
2021-05-07 06:01:52,b'Sudhirsahara',b'You @ReheSamay are a Real hero .You won our heart again and again.\nHats off to Samay\xf0\x9f\x99\x8f\xf0\x9f\x8f\xbd https://t.co/qiIBdmOJYT'
2021-05-07 06:01:36,b'PratyushBaral',"b'@AnnaCramling @alexandravbotez @ReheSamay @MrLlamaSC @Northernlion @chesscom Relax guys, She is just \xf0\x9f\x8d\x91 hurt because\xe2\x80\xa6 https://t.co/cXCmNEH1sR'"
2021-05-07 05:59:15,b'TanmayS32807693',"b'@Logic301 @ReheSamay @MrLlamaSC @Northernlion @ReheSamay waited for 5 seconds before playing the first move , just\xe2\x80\xa6 https://t.co/sFuakghCmk'"
2021-05-07 05:57:24,b'samay_viditian',b'RT @anishgiri: @ReheSamay Are there any puns we did not do yet?\xf0\x9f\xa4\x94 @viditchess'
2021-05-07 05:57:22,b'samay_viditian',"b'RT @ReheSamay: @anishgiri @viditchess No, vidit it all'"
2021-05-07 05:56:54,b'PratyushBaral',b'@sammisam8888 @anishgiri @ReheSamay Its actually anish who whatsapped samay and inspired him to win ! \nIt was kinda obvious though'
2021-05-07 05:56:08,b'TanmayS32807693',"b'@Toxic2349 @wydadman @ReheSamay @anishgiri Ryt, that was deep and dark'"
2021-05-07 05:54:03,b'HanshulSanghi',"b'RT @ReheSamay: @anishgiri @viditchess No, vidit it all'"
2021-05-07 05:53:37,b'HanshulSanghi',b'RT @ReheSamay: @anishgiri Hahaha why stop? these puns have a niche audience'
2021-05-07 05:52:44,b'HanshulSanghi',b'RT @anishgiri: Amazing how one short whatsapp conversation can inspire someone so much. @ReheSamay'
2021-05-07 05:41:26,b'ramvajpai1',b'RT @anishgiri: Amazing how one short whatsapp conversation can inspire someone so much. @ReheSamay'
2021-05-07 05:33:16,b'Toxic2349',b'@wydadman @TanmayS32807693 @ReheSamay @anishgiri bhai kya hogya h terrorist pe joke h how their leaders motivate th\xe2\x80\xa6 https://t.co/PdIE67Rv38'
2021-05-07 05:30:44,b'Toxic2349',b'@wydadman @Raghavlaad_ @ReheSamay @anishgiri then you are just dumb\xf0\x9f\x98\x82'
2021-05-07 05:23:55,b'Samehran2',b'RT @Logic301: @ReheSamay @MrLlamaSC @Northernlion It was a pleasure!!'
2021-05-07 05:23:47,b'MahadevNegi',b'@Logic301 @ReheSamay @MrLlamaSC @Northernlion See the reaction of samay on his stream while he was playing with you'
2021-05-07 05:15:37,b'Bts07riya',b'@ReheSamay Hell yess we are here for this'
2021-05-07 05:14:37,b'Bts07riya',b'RT @alexandravbotez: Congrats to @ReheSamay for winning today! @MrLlamaSC for 2nd place and @Northernlion for 3rd place. Thank you to every\xe2\x80\xa6'
2021-05-07 05:14:06,b'Bts07riya',"b'RT @itherocky: BREAKING!\nIndian star Samay Raina outwits several other streamers to win the Botez Bullet Invitational.\n\n@ReheSamay wins $4,\xe2\x80\xa6'"
2021-05-07 05:14:01,b'Bts07riya',b'RT @ViditChessFan: @ReheSamay OP!! mazza hi aa gaya!! congratulations samay!!\xe2\x9d\xa4\xef\xb8\x8f\xe2\x9d\xa4\xef\xb8\x8f\xe2\x9d\xa4\xef\xb8\x8f\xe2\x9d\xa4\xef\xb8\x8f\xe2\x9d\xa4\xef\xb8\x8f\xe2\x9d\xa4\xef\xb8\x8f\xe2\x9d\xa4\xef\xb8\x8f\xe2\x9d\xa4\xef\xb8\x8f\xe2\x9d\xa4\xef\xb8\x8f\xe2\x9d\xa4\xef\xb8\x8f\xe2\x9d\xa4\xef\xb8\x8f The smile when he played logic and then\xe2\x80\xa6'
2021-05-07 05:13:23,b'Bts07riya',"b'RT @chesscom_in: Massive props to @ReheSamay, who plans to use the entire prize amount of Rs.3,00,000 to procure Oxygen Cylinders to fight\xe2\x80\xa6'"
2021-05-07 05:13:13,b'Bts07riya',"b""RT @DeblinaMandal24: I'm feeling soo happy n proud watching people around the world being so impressed with @ReheSamay n praising him soo m\xe2\x80\xa6"""
2021-05-07 05:01:35,b'Aryanarya1312',b'RT @MrLlamaSC: @ReheSamay LOL hit me up on discord we can discuss the odds ;D'
2021-05-07 04:59:31,b'PrasannaRoy1',b'@Kiran_Mankame @philamuseum @ChessbaseIndia @ReheSamay @viditchess @chesscom_in An English Barleycorn set! Very pop\xe2\x80\xa6 https://t.co/9qMiAsA4pj'
2021-05-07 04:57:45,b'Imsarfu',b'@ReheSamay is gem of a person \xe2\x9d\xa3\xef\xb8\x8f https://t.co/5VuPJnG1wF'
2021-05-07 04:53:27,b'chesscom_in',"b'@VASTAVIK1 @ReheSamay @ChessbaseIndia @chesscom Yes, we are going to see one soon!'"
2021-05-07 04:52:59,b'chesscom_in',b'@Kiran_Mankame @philamuseum @ChessbaseIndia @ReheSamay @viditchess Wow! What a royal set \xf0\x9f\x98\x8d'
2021-05-07 04:38:33,b'_RV_Thakur_',b'@ReheSamay @anishgiri @viditchess Vishyng you heartiest congratulations for winning the Botez Tournament \xf0\x9f\x8e\x89'
2021-05-07 04:35:24,b'akshatwtf',b'RT @ReheSamay: Loser shaves an eyebrow?'
2021-05-07 04:31:13,b'sameeretv',b'@ChessbaseIndia @ReheSamay @alexandravbotez @itsandreabotez Congratulations dear Samay..Keep Rocking'
2021-05-07 04:09:12,b'YashPahuja19',b'@ReheSamay Our supreme leader are undefeatable \xf0\x9f\x98\x82\xf0\x9f\x98\x81'
2021-05-07 03:41:48,b'cuber_karn',"b""@ReheSamay got cropped by the newspaper editor\xf0\x9f\x98\x82\xf0\x9f\x98\x82\xf0\x9f\x98\x82\n(and @TaniaSachdev too, but we won't joke about that) https://t.co/oB21kMI1my"""
2021-05-07 03:39:13,b'Ag4711433420',"b""@kelsostan @ReheSamay Agree with the last two. Let's talk about the first one"""
2021-05-07 02:57:37,b'mikejava85',"b'@ReheSamay @anishgiri @viditchess What did fisherman say, yaar mera prawn structure fcuk ho gaya...'"
2021-05-07 02:56:24,b'AniruddhKotte',b'@MrLlamaSC @ReheSamay Woohhh! This is happening \xf0\x9f\x94\xa5\xf0\x9f\x94\xa5'
2021-05-07 02:37:47,b'subhamjitpatra',b'@anishgiri @ReheSamay @viditchess Anish (an easy) win for @ReheSamay in botez challnge.'
2021-05-07 02:35:25,b'Haryanvi_tau',"b'RT @ReheSamay: @anishgiri @viditchess No, vidit it all'"
2021-05-07 01:44:59,b'Siddhar98803396',b'RT @MrLlamaSC: @ReheSamay LOL hit me up on discord we can discuss the odds ;D'
2021-05-07 01:43:58,b'linkesh_m',b'@ChessbaseIndia @ReheSamay @alexandravbotez @itsandreabotez Hearty congratulations'
2021-05-07 01:40:27,b'Logic301',b'@ReheSamay @MrLlamaSC @Northernlion It was a pleasure!!'
2021-05-07 01:38:01,b'catchakhilesh',"b'RT @ReheSamay: @anishgiri @viditchess No, vidit it all'"
2021-05-07 01:37:40,b'goswamirohan36',b'@ChessbaseIndia @ReheSamay @alexandravbotez @itsandreabotez Watched the stream live with Sagar Shah commentary. It was hype!'
2021-05-07 01:32:50,b'Blimey_ron',b'@Dxvta @ReheSamay You think people would hold super risky assets for that long especially in India where most are g\xe2\x80\xa6 https://t.co/vYnqt3U74o'
2021-05-07 01:30:20,b'zokersmiles',b'@ReheSamay Well done'
2021-05-07 01:27:36,b'sammisam8888',"b""@AdityaAhuja05 @ReheSamay @7Deveshkhatri Sry but if you don't like something, then don't watch it \nSimple \xf0\x9f\x98\x82"""
2021-05-07 01:26:47,b'sammisam8888',b'@ChessbaseIndia @ReheSamay @alexandravbotez @itsandreabotez I wish if he actually won $4k for winning against playe\xe2\x80\xa6 https://t.co/I7Pe8gIddA'
2021-05-07 01:25:46,b'thechitrakaar',b'RT @MrLlamaSC: @ReheSamay LOL hit me up on discord we can discuss the odds ;D'
2021-05-07 01:24:27,b'sammisam8888',b'@anishgiri @ReheSamay @viditchess Nothing will happen !'
2021-05-07 01:18:35,b'Ishaank07',b'@Khingli_ @ReheSamay Nahi koi transaction charge nahi hai but buying cost aur selling cost mai difference hai'
2021-05-07 01:14:37,b'Karan82220413',b'@ChessbaseIndia @ReheSamay @alexandravbotez @itsandreabotez Samay raina for a reason'
2021-05-07 01:14:22,b'KPandey0108',"b""@ReheSamay @anishgiri @viditchess What about this \nwhat's intercourse between a king and queen call - The Royal Fork"""
2021-05-07 01:13:46,b'spidyyspiderman',b'@ReheSamay Samay bhai good night \xf0\x9f\x8c\x83\xe2\x9d\xa4\xef\xb8\x8f'
2021-05-07 01:13:33,b'Swapnil_Sythe',b'@ReheSamay @anishgiri @viditchess \xf0\x9f\xa4\xa3 \nU Gawd or wot?'
2021-05-07 01:13:31,b'kelsostan',"b'@ReheSamay Man has the humour, the looks and the brains.'"
2021-05-07 00:59:01,b'Mukesh_yyadav',b'RT @MrLlamaSC: @ReheSamay LOL hit me up on discord we can discuss the odds ;D'
2021-05-07 00:10:56,b'wydadman',"b""@Raghavlaad_ @ReheSamay @anishgiri still don't get it"""
2021-05-07 00:10:52,b'StealthStalkerH',b'RT @alexandravbotez: Congrats to @ReheSamay for winning today! @MrLlamaSC for 2nd place and @Northernlion for 3rd place. Thank you to every\xe2\x80\xa6'
2021-05-07 00:09:50,b'wydadman',b'@TanmayS32807693 @ReheSamay @anishgiri me neither'
2021-05-06 22:42:18,b'Kiran_Mankame',"b'Found an #Artistic #Chess Set in the @philamuseum\n1800-1850, Vishakhapatnam, AP, #India \nWood with ivory inlay and\xe2\x80\xa6 https://t.co/OjdGFTpRKt'"
2021-05-06 22:21:49,b'HarshAg43166001',b'@headingley_135 @chesscom @StraightCut_ @ReheSamay Hey i am a 650 rated player wanna play?'
2021-05-06 21:49:49,b'card_wizard',b'@parthmer @alexandravbotez @ReheSamay No brother. He played a player who was 50 https://t.co/28SgIc68Ji points ahea\xe2\x80\xa6 https://t.co/BeMFaTSTKC'
2021-05-06 21:20:27,b'Okesh93047292',b'RT @ReheSamay: Loser shaves an eyebrow? https://t.co/0qhvpqAXgE'
2021-05-06 21:16:02,b'Okesh93047292',b'@GothamChess @ReheSamay This is not samay with fake id'
2021-05-06 20:50:18,b'Pranjal36888931',b'@alexandravbotez @ReheSamay Supreme leader take our bow!'
2021-05-06 20:49:04,b'Pranjal36888931',"b'@headingley_135 @chesscom @StraightCut_ @ReheSamay Puzzles is how I improve, u can try that too'"
2021-05-06 20:47:56,b'shubham_odarkar',b'@chesscom @ReheSamay Donating tat 4000 USD before reaching home'
2021-05-06 20:42:07,b'PulitzerKai',"b""@Voyboy @chesscom @chesscom What is up with @ReheSamay bot's skin tone? Not drawing any conclusions but it is inaccurate."""
2021-05-06 20:29:51,b'RupeshMani8',b'@ReheSamay That shit is illegal here lol\xf0\x9f\x98\x82'
2021-05-06 20:10:50,b'ManavKaushal20',b'after @ReheSamay won the bullet tournament : \nhttps://t.co/adPXV2THVL'
2021-05-06 19:59:57,b'RayabandiSowmya',"b'RT @prakhar47_: Hi, if anyone is here from Hyderabad, can you help with hospital names where ECMO machine facility is available in Hyderaba\xe2\x80\xa6'"
2021-05-06 19:54:10,b'HushPrakhar',"b'RT @ReheSamay: Fuck bitcoin, should have invested in Oxygen Concentrator'"
2021-05-06 19:45:32,b'DSTtheLifestyle',b'RT @alexandravbotez: Congrats to @ReheSamay for winning today! @MrLlamaSC for 2nd place and @Northernlion for 3rd place. Thank you to every\xe2\x80\xa6'
2021-05-06 19:39:57,b'Nodiee5',b'@ReheSamay Meanwhile adhiban with a sad face..'
2021-05-06 19:30:20,b'Gouravkanwal',"b'RT @itsgauravmishra: @ReheSamay my top picks are:\n\nbitcoin\nethereum \ncardano (ada)\nchainlink\nBNB\nstellar \npolkadot\ntron\ndoge\n\nalso, the bes\xe2\x80\xa6'"
2021-05-06 19:28:36,b'Siddhar98803396',b'RT @MrLlamaSC: @ReheSamay @Northernlion @Logic301 You played amazingly! Our games were super fun. Race to 2000?'
2021-05-06 19:28:16,b'Siddhar98803396',b'RT @alexandravbotez: @ReheSamay CONGRATS SAMAY YOU BEAST'
2021-05-06 19:12:42,b'Vishwavardhan11',b'@MrLlamaSC @ReheSamay Cant w8 \xf0\x9f\x98\x8d'
2021-05-06 18:59:39,b'deepanshut121',b'https://t.co/6i6bZAJJbj\nPlease share this\nFor india \xf0\x9f\x87\xae\xf0\x9f\x87\xb3\n@NeonMan_01 \n@dhruv_rathee \n#newzboy\n@ashchanchlani\xe2\x80\xa6 https://t.co/JrbYocQDo3'
2021-05-06 18:56:36,b'VASTAVIK1',b'@ReheSamay \n@chesscom_in \n@chesscom \n@ChessbaseIndia \n#chess\n...i had a question.....will we ever have a chess leag\xe2\x80\xa6 https://t.co/ujaqmLwupt'
2021-05-06 18:47:44,b'VASTAVIK1',b'@ReheSamay \n@ChessbaseIndia  #chess\n@chesscom_in @chesscom \n....i have a qustion.....wil there ever be a chess leag\xe2\x80\xa6 https://t.co/WzBYqJsCCk'
2021-05-06 18:46:13,b'anirudhnegi11',b'@hk_detr0 @KashyArnav @ReheSamay @MrLlamaSC @Northernlion @Logic301 Im is hard but wgm is impossible xd'
2021-05-06 18:46:10,b'nilanjanmaitra',b'RT @BanerjeeSummit: Hey @viditchess @ReheSamay @ChessbaseIndia I hope you have watched this one\n\nhttps://t.co/kHaAImZNBn https://t.co/8ST6I\xe2\x80\xa6'
2021-05-06 18:46:05,b'BanerjeeSummit',b'@nilanjanmaitra @viditchess @ReheSamay @ChessbaseIndia I rewatched the two movies recently and was intrigued by the\xe2\x80\xa6 https://t.co/kfLtqR3yca'
2021-05-06 18:44:38,b'nilanjanmaitra',b'@BanerjeeSummit @viditchess @ReheSamay @ChessbaseIndia Will watch !!'
2021-05-06 18:38:40,b'BanerjeeSummit',b'Hey @viditchess @ReheSamay @ChessbaseIndia I hope you have watched this one\n\nhttps://t.co/kHaAImZNBn https://t.co/8ST6IxF9zx'
2021-05-06 18:36:49,b'MrLlamaSC',b'@ReheSamay LOL hit me up on discord we can discuss the odds ;D'
2021-05-06 18:34:48,b'Krishnanshuk1',b'@alexandravbotez @ReheSamay @MrLlamaSC @Northernlion @chesscom SAMAY OP'
2021-05-06 18:33:28,b'hk_detr0',b'@anirudhnegi11 @KashyArnav @ReheSamay @MrLlamaSC @Northernlion @Logic301 Bruh IM is harder to get than WGM.'
2021-05-06 18:25:00,b'Satwikg82673582',"b""I don't know him but Plz help him @ReheSamay @viditchess @sagarchess1 https://t.co/5MKmHFM0X8"""
2021-05-06 18:22:02,b'SSalunkhe97',b'RT @MrLlamaSC: @ReheSamay @Northernlion @Logic301 You played amazingly! Our games were super fun. Race to 2000?'
2021-05-06 18:20:13,b'SSalunkhe97',b'RT @ReheSamay: @anishgiri Hahaha why stop? these puns have a niche audience'
2021-05-06 18:16:58,b'KESHAVS90842900',b'RT @alexandravbotez: Congrats to @ReheSamay for winning today! @MrLlamaSC for 2nd place and @Northernlion for 3rd place. Thank you to every\xe2\x80\xa6'
2021-05-06 18:15:55,b'abhishall',b'@anishgiri @ReheSamay @viditchess What a mess you guys have created. I think this thread needs a garbage can. @sagarchess1 #kachra'
2021-05-06 18:14:42,b'Uday73726015',b'RT @alexandravbotez: @ReheSamay CONGRATS SAMAY YOU BEAST'
2021-05-06 18:14:08,b'35OROG',b'RT @chesscom_in: Samay Raina wins the Botez Bullet Invitational \xf0\x9f\x8f\x86\n\n@ReheSamay beat several international streamers to score 115 points in t\xe2\x80\xa6'
2021-05-06 18:12:06,b'prakhar47_',"b'Hi, if anyone is here from Hyderabad, can you help with hospital names where ECMO machine facility is available in\xe2\x80\xa6 https://t.co/PlioUIyOMl'"
2021-05-06 18:08:00,b'varun_agrwl96',"b'@anishgiri @ReheSamay @viditchess Yeah, it rhymes around winning candidates\xf0\x9f\xa4\xa3'"
2021-05-06 18:07:08,b'Aryanarya1312',b'RT @anishgiri: @ReheSamay Are there any puns we did not do yet?\xf0\x9f\xa4\x94 @viditchess'
2021-05-06 18:06:55,b'Aryanarya1312',b'RT @ReheSamay: @anishgiri Hahaha why stop? these puns have a niche audience'
2021-05-06 18:06:40,b'AAdityaBharga20',b'RT @sidak_chadha: @alexandravbotez @ReheSamay From samay members we dont call him beast he is the SUPREME LEADER\xf0\x9f\x94\xa5\xf0\x9f\x94\xa5'
2021-05-06 18:05:42,b'Mrjingles831',b'@ReheSamay @MrLlamaSC @Northernlion @Logic301 Ty I got 4th good arena'
2021-05-06 18:04:49,b'AAdityaBharga20',b'RT @anishgiri: Amazing how one short whatsapp conversation can inspire someone so much. @ReheSamay'
2021-05-06 17:56:11,b'dorkknight42',"b'@anishgiri @ReheSamay @viditchess How about some pun on the guy who drinks Tea More than anyone else, Radja @rajachess'"
2021-05-06 17:48:42,b'bippidy_boom',"b""@iam_satpute @ITSragatone @AnnaCramling @alexandravbotez @ReheSamay @MrLlamaSC @Northernlion @chesscom Don't embarass yourself."""
2021-05-06 17:47:58,b'shamik_gaitonde',b'@anishgiri @ReheSamay @viditchess Me reading all these puns\n\n*IAN* \xf0\x9f\x98\xab @lachesisq'
2021-05-06 17:46:31,b'archranka',b'@anishgiri @ReheSamay @viditchess Pun Star @anishgiri vs Pawn Star @ReheSamay'
2021-05-06 17:44:45,b'adithya_anil11',b'@saaquib_neyazi @IndiCoder18 call @ReheSamay'
2021-05-06 17:44:41,b'GustavGiri',b'@anishgiri @ReheSamay @viditchess Coming on time pun ?\xf0\x9f\xa4\x94'
2021-05-06 17:34:17,b'anishgiri',b'@ReheSamay Are there any puns we did not do yet?\xf0\x9f\xa4\x94 @viditchess'
2021-05-06 17:33:10,b'Dragon2952',b'@anishgiri @ReheSamay Anish this humble FideMaster John Curtis Australia thanks you for your creative Chess Art.The\xe2\x80\xa6 https://t.co/C2wdKFTkOK'
2021-05-06 17:30:33,b'MSCHF9',b'@alexandravbotez @ReheSamay @MrLlamaSC @Northernlion @chesscom That baby was gaming'
2021-05-06 17:21:57,b'sammisam8888',b'@anishgiri @ReheSamay Possibilities-\n1.actually samay was asked to join botez invitational by alex on whatsapp\nso a\xe2\x80\xa6 https://t.co/gz3IferQxA'
2021-05-06 17:09:13,b'EshanDas15',b'@iam_satpute @ITSragatone @AnnaCramling @alexandravbotez @ReheSamay @MrLlamaSC @Northernlion @chesscom Bruh'
2021-05-06 17:05:56,b'adi__chauhan',"b""RT @chesscom: \xe2\x99\x94 Congrats to @ReheSamay who just won #BotezBullet with a score of 115! \xf0\x9f\x91\x8f\n\nHe's going home with $4,000! https://t.co/KD9KUa9k\xe2\x80\xa6"""
2021-05-06 16:50:33,b'Pranayjha9270',b'@MrLlamaSC @ReheSamay @Northernlion @Logic301 What was your https://t.co/feEXYF4BfN ID???'
2021-05-06 16:50:09,b'ftw_garlic',"b'@headingley_135 @Ag4711433420 @chesscom @StraightCut_ @ReheSamay I am not a pro, lmao.'"
2021-05-06 16:49:36,b'N0t_Blank',"b""@chesscom @ReheSamay Wtf that's a dub"""
2021-05-06 16:48:18,b'george_helidon',b'RT @alexandravbotez: Congrats to @ReheSamay for winning today! @MrLlamaSC for 2nd place and @Northernlion for 3rd place. Thank you to every\xe2\x80\xa6'
2021-05-06 16:27:11,b'i_akshit_sharma',b'RT @alexandravbotez: Congrats to @ReheSamay for winning today! @MrLlamaSC for 2nd place and @Northernlion for 3rd place. Thank you to every\xe2\x80\xa6'
2021-05-06 16:02:07,b'PrakritiJain15',b'RT @ReheSamay: @anishgiri Hahaha why stop? these puns have a niche audience'
2021-05-06 15:49:43,b'headingley_135',b'@Ag4711433420 @ftw_garlic @chesscom @StraightCut_ @ReheSamay We did play a game. Sadly he was a pro. My ratings hav\xe2\x80\xa6 https://t.co/rWErORw3mv'
2021-05-06 15:43:07,b'deebellare',b'He has already donated his prize money from COB all stars. (3 lakhs)\nNow $4000 \n\nChess community is \xf0\x9f\x92\x95 \n\n@ReheSamay\xe2\x80\xa6 https://t.co/9u8jm1FO5L'
2021-05-06 15:42:53,b'Ag4711433420',"b""@StraightCut_ @headingley_135 @ftw_garlic @chesscom @ReheSamay Wouldn't mind lol"""
2021-05-06 15:42:37,b'JeeLG_11',b'RT @anishgiri: Amazing how one short whatsapp conversation can inspire someone so much. @ReheSamay'
2021-05-06 15:41:19,b'StraightCut_',b'@Ag4711433420 @headingley_135 @ftw_garlic @chesscom @ReheSamay And you wanna be the supporting hero?'
2021-05-06 15:39:26,b'Ag4711433420',"b""@headingley_135 @ftw_garlic @chesscom @StraightCut_ @ReheSamay It's been 11 hours and I am waiting for his reply. I\xe2\x80\xa6 https://t.co/G2hbuDRlFn"""
2021-05-06 15:38:17,b'sankalpkuram',b'RT @ReheSamay: @anishgiri Hahaha why stop? these puns have a niche audience'
2021-05-06 15:32:47,b'SanjayA29239876',b'RT @alexandravbotez: Congrats to @ReheSamay for winning today! @MrLlamaSC for 2nd place and @Northernlion for 3rd place. Thank you to every\xe2\x80\xa6'
2021-05-06 15:30:20,b'cyclopaman',b'@anishgiri @ReheSamay Proud daddy \xf0\x9f\xa4\xa3'
2021-05-06 15:30:02,b'SanjayA29239876',b'RT @ReheSamay: @anishgiri Hahaha why stop? these puns have a niche audience'
2021-05-06 15:19:26,b'AdityaNair20',"b""RT @chesscom: \xe2\x99\x94 Congrats to @ReheSamay who just won #BotezBullet with a score of 115! \xf0\x9f\x91\x8f\n\nHe's going home with $4,000!"""
2021-05-06 15:19:16,b'SanskarModi15',b'@ReheSamay Samay OP'
2021-05-06 15:16:52,b'AdityaNair20',b'RT @anishgiri: Amazing how one short whatsapp conversation can inspire someone so much. @ReheSamay'
2021-05-06 15:14:04,b'iamniri',"b'RT @chesscom_in: Massive props to @ReheSamay, who plans to use the entire prize amount of Rs.3,00,000 to procure Oxygen Cylinders to fight\xe2\x80\xa6'"
2021-05-06 15:13:03,b'SamarohoC',b'@ReheSamay @anishgiri Do Collab with AlexSem!!!!'
2021-05-06 15:08:04,b'Mohittelang4',b'@chesscom @ReheSamay He isss a champion @sagarchess1 you found a diamond in him you are the one who made him skilled hats off sir \xf0\x9f\x99\x8c'
2021-05-06 14:57:29,b'medaumswitch',b'RT @alexandravbotez: Congrats to @ReheSamay for winning today! @MrLlamaSC for 2nd place and @Northernlion for 3rd place. Thank you to every\xe2\x80\xa6'
2021-05-06 14:32:47,b'Anmol_2606',b'RT @ReheSamay: @anishgiri Hahaha why stop? these puns have a niche audience'
2021-05-06 14:30:49,b'SindhavBipin',b'@GustavGiri @ReheSamay @anishgiri Pawn master Samay Raina'
2021-05-06 14:25:52,b'notuniversalmod',b'@ReheSamay @anishgiri What will people call you after you reach 2000 or lockdown gets over ? Samay Reh-na (in streaming world)'
2021-05-06 14:24:56,b'8actinate',"b""RT @chesscom: \xe2\x99\x94 Congrats to @ReheSamay who just won #BotezBullet with a score of 115! \xf0\x9f\x91\x8f\n\nHe's going home with $4,000!"""
2021-05-06 14:23:33,b'AdiiShah9',b'@ReheSamay @anishgiri Following @anishgiri for these puns\xe2\x9c\x8c\xef\xb8\x8f\xe2\x9c\x8c\xef\xb8\x8f\xf0\x9f\x94\xa5\xf0\x9f\x94\xa5'
2021-05-06 14:16:15,b'Abhishekgosai1',b'@xNiRmAaNx @ReheSamay U trade on currencies only or indian market as well?'
2021-05-06 14:16:07,b'kd_7666',b'@ReheSamay @anishgiri A(niche) audience'
2021-05-06 14:12:40,b'adarsh82160354',b'RT @KrishnaGulati11: @anishgiri @ReheSamay Better tweet would have been.@MagnusCarlsen look whose best friend won.'
2021-05-06 14:11:11,b'Synoptcvariat_n',b'RT @anishgiri: Amazing how one short whatsapp conversation can inspire someone so much. @ReheSamay'
2021-05-06 14:10:37,b'RishabhKutty',b'RT @ReheSamay: @anishgiri Hahaha why stop? these puns have a niche audience'
2021-05-06 14:10:03,b'GustavGiri',b'@ReheSamay @anishgiri Poon Master \xf0\x9f\x91\xa8\xe2\x80\x8d\xf0\x9f\x8e\x93 Samay raina'
2021-05-06 14:08:41,b'karan_jena09',"b'RT @itherocky: Samay, You Legend! \xf0\x9f\x99\x8c\xf0\x9f\x8f\xbb\n\n@ReheSamay will be donating his first prize of $4000 of the #BotezBullet Invitational to buy Oxygen C\xe2\x80\xa6'"
2021-05-06 14:08:37,b'karan_jena09',"b'RT @itherocky: BREAKING!\nIndian star Samay Raina outwits several other streamers to win the Botez Bullet Invitational.\n\n@ReheSamay wins $4,\xe2\x80\xa6'"
2021-05-06 14:08:28,b'Hamttel',b'RT @ReheSamay: @anishgiri Hahaha why stop? these puns have a niche audience'
2021-05-06 14:08:07,b'LokhandeVedika',b'@ReheSamay @anishgiri Nice one \xf0\x9f\x91\x8d'
2021-05-06 13:47:51,b'cosmic_idea',b'@anishgiri @ReheSamay AG right now. https://t.co/qSCMZ8ZKdv'
2021-05-06 13:44:43,b'catchakhilesh',b'RT @alexandravbotez: @ReheSamay CONGRATS SAMAY YOU BEAST'
2021-05-06 13:43:16,b'jain_saabh',"b'With so many youtubers doing charity stream, is it ok for @YouTube to still have a 30% cut on the superchat. Yotube\xe2\x80\xa6 https://t.co/FT47efsIPR'"
2021-05-06 13:24:02,b'bandhan_jha',b'@ReheSamay There is only one beast and his name is @adhibanchess'
2021-05-06 13:06:31,b'dimri7781',b'\xf0\x9f\x99\x8f\xf0\x9f\x8f\xbb\xf0\x9f\x99\x8f\xf0\x9f\x8f\xbb Need ur support friends in this very critical time. Urgently looking for plasma donor with blood group B+ for\xe2\x80\xa6 https://t.co/iL0smBEdpJ'
2021-05-06 12:43:42,b'ChetanDoshi91',b'@chesscom @ReheSamay Congrats Supreme Leader..  Samay bhai'
2021-05-06 12:43:27,b'ChetanDoshi91',b'@ReheSamay Congrats Supreme Leader..  Samay bhai'
2021-05-06 12:39:45,b'NayakSriharsha',b'RT @ReheSamay: Thank you so much for inviting me! It was so much fun!! Congratulations @MrLlamaSC @Northernlion and everyone. Felt incredib\xe2\x80\xa6'
2021-05-06 12:35:45,b'Sakshat_akshat',b'@ReheSamay @anishgiri World trade centre goes brrrrrrrrrrrr'
2021-05-06 12:35:03,b'Bharath11067489',b'RT @alexandravbotez: Congrats to @ReheSamay for winning today! @MrLlamaSC for 2nd place and @Northernlion for 3rd place. Thank you to every\xe2\x80\xa6'
2021-05-06 12:34:44,b'Bharath11067489',"b'RT @itherocky: BREAKING!\nIndian star Samay Raina outwits several other streamers to win the Botez Bullet Invitational.\n\n@ReheSamay wins $4,\xe2\x80\xa6'"
2021-05-06 12:25:29,b'mikejava85',b'RT @alexandravbotez: Congrats to @ReheSamay for winning today! @MrLlamaSC for 2nd place and @Northernlion for 3rd place. Thank you to every\xe2\x80\xa6'
2021-05-06 12:24:30,b'Ayushh__singhh',"b""@ReheSamay Can't wait to see you without eyebrows"""
2021-05-06 12:18:22,b'MaheshkarSaurav',"b""RT @chesscom: \xe2\x99\x94 Congrats to @ReheSamay who just won #BotezBullet with a score of 115! \xf0\x9f\x91\x8f\n\nHe's going home with $4,000!"""
2021-05-06 12:10:22,b'SarcastickkDr',b'How I feel when  I am chatting with my crush...\nOne wrong move and you fall in the depth of friendzone.\n#Medtwitter\xe2\x80\xa6 https://t.co/jSvO9Fz4Td'
2021-05-06 12:09:16,b'irfan70004',"b""@alexandravbotez @ReheSamay @MrLlamaSC @Northernlion @chesscom I'm so happy for samay raina... And he won because h\xe2\x80\xa6 https://t.co/0YgUKzX3zQ"""
2021-05-06 11:54:18,b'shyamsewag24',"b'@anishgiri Also, winning COB (Comedians On Board) someday\xf0\x9f\xa4\xa3\xf0\x9f\xa4\xa3 right @ReheSamay ?'"
2021-05-06 11:51:21,b'Jaarvis_',b'@thesmokemusic @ReheSamay Shotgun reload. . . . . . Uff \xf0\x9f\x94\xa5\xf0\x9f\x94\xa5\xf0\x9f\x94\xa5\xf0\x9f\x94\xa5\xf0\x9f\x94\xa5\xf0\x9f\x94\xa5'
2021-05-06 11:45:39,b'Ag4711433420',b'@chesscom @ReheSamay Supreme leader dictator samay raina won \xf0\x9f\x94\xa5\xf0\x9f\x94\xa5\xf0\x9f\x94\xa5u'
2021-05-06 11:33:48,b'saikrishna96d',"b'RT @chesscom_in: Massive props to @ReheSamay, who plans to use the entire prize amount of Rs.3,00,000 to procure Oxygen Cylinders to fight\xe2\x80\xa6'"
2021-05-06 11:26:59,b'Prashan06571446',b'@ReheSamay Audience is going to get a lot of content.. https://t.co/phsN35JYlh'
2021-05-06 11:23:36,b'Prashan06571446',"b'@ReheSamay Sagar shah bhai, be ready for 69th GM\n@ChessbaseIndia https://t.co/ipuuzCtL7L'"
2021-05-06 11:15:03,b'Beingrebel1',b'@ReheSamay More power to you \xe2\x9d\xa4\xef\xb8\x8f'
2021-05-06 11:12:32,b'iakash_patel',b'RT @chesscom_in: Samay Raina wins the Botez Bullet Invitational \xf0\x9f\x8f\x86\n\n@ReheSamay beat several international streamers to score 115 points in t\xe2\x80\xa6'
2021-05-06 11:11:04,b'QuasarArts',b'@alexandravbotez @ReheSamay @MrLlamaSC @Northernlion @chesscom Where can I find the full standings?'
2021-05-06 11:06:52,b'SayedRashedin',"b""@alexandravbotez @ReheSamay Btw @ReheSamay  one thing hurts a lot \nShe doesn't follow him.@alexandravbotez\nYaar ehh\xe2\x80\xa6 https://t.co/i8w7u5xRAM"""
2021-05-06 11:02:52,b'tennisville1',"b'@ReheSamay @MrLlamaSC @Northernlion @Logic301 Congrats, did you know GM Robert Hess was really impressed with you a\xe2\x80\xa6 https://t.co/7F7ViBN58V'"
2021-05-06 10:57:47,b'OjasviSikarwar',b'@ReheSamay Wah bete wah miniclip incoming \xf0\x9f\x94\xa5\xf0\x9f\x94\xa5'
2021-05-06 10:47:26,b'Maarefalikhan',"b'@ReheSamay My top : Eth matic link xlm aave, I keep alerts on cryptos to be ready when they dip. Usually, Second week of the month.'"
2021-05-06 10:38:02,b'2001_akshay_p_k',b'RT @chesscom_in: Samay Raina wins the Botez Bullet Invitational \xf0\x9f\x8f\x86\n\n@ReheSamay beat several international streamers to score 115 points in t\xe2\x80\xa6'
2021-05-06 10:33:56,b'talhahtj',b'@ReheSamay @ReheSamay to every other participant https://t.co/lsfOq2xh39'
2021-05-06 10:32:22,b'ratedAMAN',b'RT @anishgiri: Amazing how one short whatsapp conversation can inspire someone so much. @ReheSamay'
2021-05-06 10:27:22,b'AmayRV2',"b'RT @ReheSamay: Fuck bitcoin, should have invested in Oxygen Concentrator'"
2021-05-06 10:26:16,b'AmayRV2',"b'RT @ReheSamay: Seeing everything my fellow comedians are going through, I feel so lucky belonging to the Kashmiri community. Last year I ha\xe2\x80\xa6'"
2021-05-06 10:09:55,b'Raghavlaad_',"b""@ReheSamay @anishgiri For those who didn't get it, he's trying to address the suicide bombers here who are ready to\xe2\x80\xa6 https://t.co/RgokXui3Gv"""
2021-05-06 10:08:58,b'Devraj935',"b""RT @chesscom: \xe2\x99\x94 Congrats to @ReheSamay who just won #BotezBullet with a score of 115! \xf0\x9f\x91\x8f\n\nHe's going home with $4,000!"""
2021-05-06 10:07:53,b'yashjindal2000',b'RT @ReheSamay: Thank you so much for inviting me! It was so much fun!! Congratulations @MrLlamaSC @Northernlion and everyone. Felt incredib\xe2\x80\xa6'
2021-05-06 10:05:12,b'mahan_aatma',b'@chesscom @ReheSamay Samay OP \xf0\x9f\x94\xa5\xf0\x9f\x94\xa5'
2021-05-06 09:59:54,b'extraemokid',b'RT @ReheSamay: Loser shaves an eyebrow?'
2021-05-06 09:59:50,b'extraemokid',b'RT @MrLlamaSC: @ReheSamay @Northernlion @Logic301 You played amazingly! Our games were super fun. Race to 2000?'
2021-05-06 09:59:32,b'extraemokid',b'RT @ReheSamay: Thank you so much for inviting me! It was so much fun!! Congratulations @MrLlamaSC @Northernlion and everyone. Felt incredib\xe2\x80\xa6'
2021-05-06 09:59:13,b'FarzeeHoon',"b""@ReheSamay Just watched the entire live stream both on your as well as Botez's channel, man you just killed it \nMau\xe2\x80\xa6 https://t.co/OOtSPbEiI0"""
2021-05-06 09:57:39,b'SouravD94',"b'@_nomadic_11 @chesscom_in @ReheSamay @alexandravbotez @aicfchess @ChesscomNews @ChessKazakh Nope , he has commited\xe2\x80\xa6 https://t.co/qIrF2ph4gW'"
2021-05-06 09:51:08,b'callmesneh',b'12 year old kids in chess streamers chat spreading toxicity are going to go back. Congratulations to the chess comm\xe2\x80\xa6 https://t.co/7zDXUEOyiY'
2021-05-06 09:42:24,b'mahan_aatma',b'RT @ReheSamay: Loser shaves an eyebrow?'
2021-05-06 09:40:42,b'ZrAxXYT',b'RT @alexandravbotez: Congrats to @ReheSamay for winning today! @MrLlamaSC for 2nd place and @Northernlion for 3rd place. Thank you to every\xe2\x80\xa6'
2021-05-06 09:39:58,b'Divesh59954121',b'RT @anishgiri: Amazing how one short whatsapp conversation can inspire someone so much. @ReheSamay'
2021-05-06 09:17:11,b'ChickenDoPyaza',"b'@ReheSamay if your talent management company is too good, recommend them to congress please. https://t.co/1u5xtsPTnu'"
2021-05-06 09:12:38,b'Shubhra18634689',b'@kaayefff @Harveydent3003 @ReheSamay @MrLlamaSC @Northernlion @Logic301 exactly yeah'
2021-05-06 09:10:43,b'BernardBihari',b'RT @MrLlamaSC: @ReheSamay @Northernlion @Logic301 You played amazingly! Our games were super fun. Race to 2000?'
2021-05-06 09:06:08,b'ecstaticarjun',b'He is really boosting chess community. And with @sagarchess1 it adds more fun!! It feels like family. Thankyou\xe2\x80\xa6 https://t.co/LwoOh9r7MY'
2021-05-06 08:58:13,b'kabirjethwa19',b'@ReheSamay All I want to say is Botez is babita ji from tarak mehta and samay is Jethalal'
2021-05-06 08:51:13,b'ChessPathshala',"b'RT @itherocky: Samay, You Legend! \xf0\x9f\x99\x8c\xf0\x9f\x8f\xbb\n\n@ReheSamay will be donating his first prize of $4000 of the #BotezBullet Invitational to buy Oxygen C\xe2\x80\xa6'"
2021-05-06 08:43:30,b'_THEHAIRGOD_',b'@ReheSamay or losser paints half and half diff color hair which the winner chooses the colors'
2021-05-06 08:42:45,b'911rk',"b'@ReheSamay a comedian turned streamer, thanks to pandemic, streams about chess in a way the gentleman chess communi\xe2\x80\xa6 https://t.co/XrMScyUZrj'"
2021-05-06 08:41:40,b'_THEHAIRGOD_',b'@ReheSamay less go'
2021-05-06 08:41:00,b'Launda_barBAD',b'@alexandravbotez @ReheSamay Ghoda is a respectable animal \xf0\x9f\x90\xb4'
2021-05-06 08:39:24,b'_THEHAIRGOD_',b'RT @MrLlamaSC: @ReheSamay @Northernlion @Logic301 You played amazingly! Our games were super fun. Race to 2000?'
2021-05-06 08:38:51,b'SAHILSUNDRANI8',b'@ReheSamay \nMama earth listened you\xf0\x9f\x98\x82\xf0\x9f\x98\x82\n@mamaearthindia \n#nipplebutter #mamaearth\n#samayraina #samay2021 https://t.co/k52oBZFWem'
2021-05-06 08:31:30,b'SanskarMalkhede',b'@alexandravbotez @ReheSamay why does samay put your pic in thumbnail as you are looking fat \xf0\x9f\x98\x82\nI laugh everytime when I see \xf0\x9f\x98\x82\xf0\x9f\xa4\xa3'
2021-05-06 08:30:56,b'CrazyZorba',"b'RT @itherocky: BREAKING!\nIndian star Samay Raina outwits several other streamers to win the Botez Bullet Invitational.\n\n@ReheSamay wins $4,\xe2\x80\xa6'"
2021-05-06 08:30:52,b'Minato39969',b'@KariatSreehari @mcmunn_kuba @chesscom @ReheSamay Ya he just got M from fide there is no such title as master'
2021-05-06 08:30:00,b'ecstaticarjun',b'RT @ReheSamay: Thank you so much for inviting me! It was so much fun!! Congratulations @MrLlamaSC @Northernlion and everyone. Felt incredib\xe2\x80\xa6'
2021-05-06 08:29:05,b'Minato39969',"b""RT @chesscom: \xe2\x99\x94 Congrats to @ReheSamay who just won #BotezBullet with a score of 115! \xf0\x9f\x91\x8f\n\nHe's going home with $4,000!"""
2021-05-06 08:26:20,b'ecstaticarjun',b'RT @alexandravbotez: Congrats to @ReheSamay for winning today! @MrLlamaSC for 2nd place and @Northernlion for 3rd place. Thank you to every\xe2\x80\xa6'
2021-05-06 08:25:42,b'sanjubaba2015',b'RT @chesscom_in: Samay Raina wins the Botez Bullet Invitational \xf0\x9f\x8f\x86\n\n@ReheSamay beat several international streamers to score 115 points in t\xe2\x80\xa6'
2021-05-06 08:25:19,b'parthmer',b'@alexandravbotez @ReheSamay All other players were way behind in ratings'
2021-05-06 08:24:27,b'shivendu_MSD07',b'RT @anishgiri: Amazing how one short whatsapp conversation can inspire someone so much. @ReheSamay'
2021-05-06 08:24:12,b'ITSragatone',b'@mcmunn_kuba @chesscom @ReheSamay he is not a master chess .com has given him master title just for his channel joke'
2021-05-06 08:22:27,b'karthik2102000',b'@chesscom @ReheSamay This was brilliant \xf0\x9f\x98\x8e\xf0\x9f\x94\xa5\xf0\x9f\x91\x8f'
2021-05-06 08:12:51,b'_ratnacr7_',b'RT @chesscom_in: Samay Raina wins the Botez Bullet Invitational \xf0\x9f\x8f\x86\n\n@ReheSamay beat several international streamers to score 115 points in t\xe2\x80\xa6'
2021-05-06 08:09:54,b'BoiiarMadhu',b'RT @MrLlamaSC: @ReheSamay @Northernlion @Logic301 You played amazingly! Our games were super fun. Race to 2000?'
2021-05-06 08:09:20,b'i_m_siddharths',b'@alexandravbotez @ReheSamay He is our SUPREME LEADER.'
2021-05-06 08:08:07,b'_ratnacr7_',b'RT @anishgiri: Amazing how one short whatsapp conversation can inspire someone so much. @ReheSamay'
2021-05-06 08:07:54,b'Aryanarya1312',b'RT @alexandravbotez: @ReheSamay CONGRATS SAMAY YOU BEAST'
2021-05-06 08:06:12,b'Aman84508660',b'RT @alexandravbotez: @ReheSamay CONGRATS SAMAY YOU BEAST'
2021-05-06 08:06:02,b'dskulkarni96',b'RT @alexandravbotez: @ReheSamay CONGRATS SAMAY YOU BEAST'
2021-05-06 08:00:04,b'b_deep_04',b'@alexandravbotez @ReheSamay No beast is adhiban'
2021-05-06 08:00:03,b'_rambo2op__',b'RT @alexandravbotez: Congrats to @ReheSamay for winning today! @MrLlamaSC for 2nd place and @Northernlion for 3rd place. Thank you to every\xe2\x80\xa6'
2021-05-06 07:59:45,b'sidak_chadha',b'@alexandravbotez @ReheSamay From samay members we dont call him beast he is the SUPREME LEADER\xf0\x9f\x94\xa5\xf0\x9f\x94\xa5'
2021-05-06 07:58:17,b'arrrreyaar',"b'@ReheSamay Wazirx. Major portfolio being eth and btc is prolly the best bet imo. if you explore alts, the best is l\xe2\x80\xa6 https://t.co/pb88KygXuM'"
2021-05-06 07:57:39,b'gopal_akilesh',b'RT @alexandravbotez: Congrats to @ReheSamay for winning today! @MrLlamaSC for 2nd place and @Northernlion for 3rd place. Thank you to every\xe2\x80\xa6'
2021-05-06 07:56:33,b'SindhavBipin',b'@chesscom @ReheSamay Supreme leader https://t.co/LexyGRpJVC'
2021-05-06 07:56:00,b'AtharvaGore12',b'@chesscom @ReheSamay Supreme leader op\xf0\x9f\x94\xa5\xf0\x9f\x94\xa5\xf0\x9f\x94\xa5\xf0\x9f\x94\xa5\xf0\x9f\x98\xb2\xf0\x9f\x98\xb2\xf0\x9f\x98\xb2'
2021-05-06 07:55:06,b'SagarSDesigns',b'RT @anishgiri: Amazing how one short whatsapp conversation can inspire someone so much. @ReheSamay'
2021-05-06 07:55:06,b'winstonvalerian',b'@alexandravbotez @ReheSamay Samay Op\xf0\x9f\x94\xa5'
2021-05-06 07:54:52,b'SudebCena',"b""It's Time!!!\n@PUBGMOBILE @Mortal04907880 @thetanmay @RevantTalekar @yuzi_chahal @ReheSamay @inaveedm @raftaarmusic\xe2\x80\xa6 https://t.co/6xHPmORsa4"""
2021-05-06 07:54:49,b'MeepMeep_14',b'@Voyboy @ReheSamay @ReheSamay you missed this \xf0\x9f\x91\x86 tweet in your notifications whicch im sure is flooded.'
2021-05-06 07:54:24,b'Synoptcvariat_n',b'RT @alexandravbotez: @ReheSamay CONGRATS SAMAY YOU BEAST'
2021-05-06 07:52:50,b'itsmeeeadi',"b""RT @chesscom: \xe2\x99\x94 Congrats to @ReheSamay who just won #BotezBullet with a score of 115! \xf0\x9f\x91\x8f\n\nHe's going home with $4,000!"""
2021-05-06 07:51:55,b'spdiLf',b'@ReheSamay an eyebrow https://t.co/7fFITcUi8o'
2021-05-06 07:51:26,b'royrabindrakr',b'@chesscom @ReheSamay congrats samay'
2021-05-06 07:50:36,b'1Karansridhar',b'@ReheSamay @anishgiri Damn \xf0\x9f\x98\x82\xf0\x9f\x98\x82\xf0\x9f\x98\x82'
2021-05-06 07:49:10,b'MayankMahajan33',b'@ReheSamay Bruh! https://t.co/FNpzf6hidG'
2021-05-06 07:49:09,b'Harveydent3003',b'@DZatakia @ReheSamay @anishgiri Jaha tak mujhe aaya he is gonna dark in this.\nMtlb terrorist activities se joda hai mtlb brain washing se'
2021-05-06 07:48:46,b'p1ckle03',b'@ReheSamay Waiting for you to lose purposefully for content smh'
2021-05-06 07:48:37,b'ReheSamay',"b""RT @chesscom: \xe2\x99\x94 Congrats to @ReheSamay who just won #BotezBullet with a score of 115! \xf0\x9f\x91\x8f\n\nHe's going home with $4,000!"""
2021-05-06 07:45:42,b'gogo_247365',b'@Logic301 @6ixVMG @ReheSamay  check this out'
2021-05-06 07:45:18,b'phunny_insaan',b'@ReheSamay Where to get that nasha T'
2021-05-06 07:44:55,b'TheAtherex69',"b""@ReheSamay That's what she said"""
2021-05-06 07:44:46,b'SportsZealot07',b'@ReheSamay @anishgiri Congratulations Bhai! \xe2\x9d\xa4\xef\xb8\x8f\n\nAnd lovely gesture by donating.\n\nEk hi Dil hai kitne Baar jeetoge Y\xe2\x80\xa6 https://t.co/Ivw0MfSgVk'
2021-05-06 07:44:41,b'Bhuwantastic',b'@alexandravbotez @ReheSamay Its all about time botaz..!! Samay has a time'
2021-05-06 07:44:14,b'Chetan25238497',b'@ReheSamay Yeah bhai'
2021-05-06 07:44:07,b'prashansays',b'@ReheSamay Congratulations \xe2\x9d\xa3'
2021-05-06 07:43:15,b'samay_viditian',b'RT @alexandravbotez: @ReheSamay CONGRATS SAMAY YOU BEAST'
2021-05-06 07:43:02,b'samay_viditian',b'@DeblinaMandal24 @ReheSamay yasss! He deserves it all \xf0\x9f\xa5\xba\xe2\x9d\xa4\xef\xb8\x8f\xe2\x9d\xa4\xef\xb8\x8f'
2021-05-06 07:42:52,b'TanmayS32807693',"b""@ReheSamay @anishgiri Didn't get it \xf0\x9f\x98\xac"""
2021-05-06 07:42:32,b'samay_viditian',"b""RT @DeblinaMandal24: I'm feeling soo happy n proud watching people around the world being so impressed with @ReheSamay n praising him soo m\xe2\x80\xa6"""
2021-05-06 07:40:47,b'AdiiShah9',"b""@ReheSamay @MrLlamaSC  *left the chat*... just kidding let's do it @ReheSamay  @MrLlamaSC"""
2021-05-06 07:40:40,b'sathyaanveshi',"b'@ReheSamay Anything for content, waiting for this livestream\xf0\x9f\xa4\xa3\xf0\x9f\xa4\xa3, like the beard one'"
2021-05-06 07:40:06,b'lokpal_mahajan',b'@ReheSamay Lower Shave Eyebrows In Middle'
2021-05-06 07:39:43,b'leeenaa_26',b'@ReheSamay What?! Please no. \xe2\x95\xa5\xef\xb9\x8f\xe2\x95\xa5'
2021-05-06 07:39:36,b'Akanksha__garg',b'@ReheSamay Should have done hair dye challenge \xf0\x9f\x98\xa9'
2021-05-06 07:39:16,b'itsmeeeadi',b'RT @ReheSamay: Loser shaves an eyebrow?'
2021-05-06 07:39:11,b'88Divyanshu',b'@ReheSamay Samay bhai you are stepping on a land mine broo.'
2021-05-06 07:39:00,b'AtharvaKhairna8',b'@ReheSamay Supreme leader being content creator'
2021-05-06 07:38:58,b'deepakds1308',b'@ReheSamay You will not look good without an eyebrow!'
2021-05-06 07:38:50,b'ArpitSh08251910',b'@ReheSamay Can\xe2\x80\x99t see you without eyebrows \xf0\x9f\x98\x82\xf0\x9f\x98\x82\xf0\x9f\x98\x82'
2021-05-06 07:38:28,b'Akanksha__garg',b'@ReheSamay Oh no https://t.co/Ftwau7LnQc'
2021-05-06 07:37:54,b'ViditChessFan',"b'RT @itherocky: Samay, You Legend! \xf0\x9f\x99\x8c\xf0\x9f\x8f\xbb\n\n@ReheSamay will be donating his first prize of $4000 of the #BotezBullet Invitational to buy Oxygen C\xe2\x80\xa6'"
2021-05-06 07:32:40,b'samay_viditian',"b'RT @SportsZealot07: .@ReheSamay What a tournament \xf0\x9f\x98\x8d\n\nPel diya bhai ne, internationally! \xf0\x9f\x98\x82\n\nMoreover, Samay will donate the winning amount f\xe2\x80\xa6'"
2021-05-06 07:27:42,b'banarsi__babu',"b'RT @chesscom_in: Massive props to @ReheSamay, who plans to use the entire prize amount of Rs.3,00,000 to procure Oxygen Cylinders to fight\xe2\x80\xa6'"
2021-05-06 07:24:30,b'Life_sucks_ngl',b'@alexandravbotez @ReheSamay @MrLlamaSC @Northernlion @chesscom Canadian babies really be built different.'
2021-05-06 07:15:18,b'_nomadic_11',"b""@chesscom_in @ReheSamay @alexandravbotez @aicfchess @ChesscomNews @ChessKazakh Andha Paisa \xf0\x9f\x94\xa5\xf0\x9f\x94\xa5 abh McDonald's ke bur\xe2\x80\xa6 https://t.co/pad1jVTBoH"""
2021-05-06 07:14:14,b'itsdevverma',b'RT @alexandravbotez: Congrats to @ReheSamay for winning today! @MrLlamaSC for 2nd place and @Northernlion for 3rd place. Thank you to every\xe2\x80\xa6'
2021-05-06 07:07:53,b'Booomerangan',b'@itherocky @ReheSamay @alexandravbotez @itsandreabotez @chesscom Samay got into chess only during the pandemic. Damm this is unreal.'
2021-05-06 07:04:40,b'raishivam1012',b'@ReheSamay @MrLlamaSC @Northernlion @Logic301 Congratulations!!! Samay. You played really very well.'
2021-05-06 07:02:21,b'soudikar_pavan',b'RT @chesscom_in: Samay Raina wins the Botez Bullet Invitational \xf0\x9f\x8f\x86\n\n@ReheSamay beat several international streamers to score 115 points in t\xe2\x80\xa6'
2021-05-06 07:01:50,b'soudikar_pavan',"b'RT @itherocky: BREAKING!\nIndian star Samay Raina outwits several other streamers to win the Botez Bullet Invitational.\n\n@ReheSamay wins $4,\xe2\x80\xa6'"
2021-05-06 07:01:02,b'itsdevverma',b'RT @anishgiri: Amazing how one short whatsapp conversation can inspire someone so much. @ReheSamay'
2021-05-06 06:58:20,b'kaayefff',b'@Harveydent3003 @ReheSamay @MrLlamaSC @Northernlion @Logic301 Fm not im'
2021-05-06 06:56:52,b'soudikar_pavan',b'RT @anishgiri: Amazing how one short whatsapp conversation can inspire someone so much. @ReheSamay'
2021-05-06 06:56:20,b'thepranavanand',b'@Snasshhhhh @anikesh_thakur @anishgiri @ReheSamay You just mentioned Botez twice\xf0\x9f\x98\x89'
2021-05-06 06:38:20,b'gogo_247365',b'RT @alexandravbotez: Congrats to @ReheSamay for winning today! @MrLlamaSC for 2nd place and @Northernlion for 3rd place. Thank you to every\xe2\x80\xa6'
2021-05-06 06:37:11,b'imsurjeet07',b'RT @chesscom_in: Samay Raina wins the Botez Bullet Invitational \xf0\x9f\x8f\x86\n\n@ReheSamay beat several international streamers to score 115 points in t\xe2\x80\xa6'
2021-05-06 06:36:28,b'funnytesh',"b""@ReheSamay is going through that phase of his life where if he even applies for an Astronaut at @NASA, there's a gr\xe2\x80\xa6 https://t.co/5ACUti3cvD"""
2021-05-06 06:36:02,b'Surveshkumar05',"b'RT @chesscom_in: Massive props to @ReheSamay, who plans to use the entire prize amount of Rs.3,00,000 to procure Oxygen Cylinders to fight\xe2\x80\xa6'"
2021-05-06 06:30:59,b'krish_effect',"b'RT @alexandravbotez: (10/38) @ReheSamay, bullet ELO: 1606. Indian Stand Up Comedian turned chess/gaming content creator during the pandemic\xe2\x80\xa6'"
2021-05-06 06:30:52,b'DeblinaMandal24',"b""I'm feeling soo happy n proud watching people around the world being so impressed with @ReheSamay n praising him so\xe2\x80\xa6 https://t.co/RuWVDtkPLc"""
2021-05-06 06:30:14,b'yogpawar',b'RT @alexandravbotez: Congrats to @ReheSamay for winning today! @MrLlamaSC for 2nd place and @Northernlion for 3rd place. Thank you to every\xe2\x80\xa6'
2021-05-06 06:25:16,b'DeblinaMandal24',b'RT @alexandravbotez: @ReheSamay CONGRATS SAMAY YOU BEAST'
2021-05-06 06:25:02,b'Sil3x_',b'RT @alexandravbotez: Congrats to @ReheSamay for winning today! @MrLlamaSC for 2nd place and @Northernlion for 3rd place. Thank you to every\xe2\x80\xa6'
2021-05-06 06:23:56,b'DeblinaMandal24',"b'RT @chesscom_in: Massive props to @ReheSamay, who plans to use the entire prize amount of Rs.3,00,000 to procure Oxygen Cylinders to fight\xe2\x80\xa6'"
2021-05-06 06:23:34,b'codewithsaurabh',"b'@ReheSamay @MrLlamaSC @Northernlion @Logic301 @ReheSamay some amazing games yesterday, Congratulations !'"
2021-05-06 06:23:30,b'RaviKum38619569',b'RT @alexandravbotez: Congrats to @ReheSamay for winning today! @MrLlamaSC for 2nd place and @Northernlion for 3rd place. Thank you to every\xe2\x80\xa6'
2021-05-06 06:18:15,b'ddddddd74149762',"b""@alexandravbotez @ReheSamay @MrLlamaSC @Northernlion @chesscom another dollar towards luna's bugatti"""
2021-05-06 06:14:07,b'DeblinaMandal24',b'RT @alexandravbotez: Congrats to @ReheSamay for winning today! @MrLlamaSC for 2nd place and @Northernlion for 3rd place. Thank you to every\xe2\x80\xa6'
2021-05-06 06:12:07,b'DeblinaMandal24',"b""RT @chesscom: \xe2\x99\x94 Congrats to @ReheSamay who just won #BotezBullet with a score of 115! \xf0\x9f\x91\x8f\n\nHe's going home with $4,000!"""
2021-05-06 06:11:36,b'DeblinaMandal24',"b'RT @alexandravbotez: (10/38) @ReheSamay, bullet ELO: 1606. Indian Stand Up Comedian turned chess/gaming content creator during the pandemic\xe2\x80\xa6'"
2021-05-06 06:09:13,b'Bhuwantastic',b'@sentiyapaa @ReheSamay Aapka chess. com/lichess id kya hai? Dm karen.. will play.. ham bhi abi seekh hi rhe hain.. \xf0\x9f\x99\x8f\xf0\x9f\x8f\xbc'
2021-05-06 05:55:55,b'Devraj935',b'RT @chesscom_in: Samay Raina wins the Botez Bullet Invitational \xf0\x9f\x8f\x86\n\n@ReheSamay beat several international streamers to score 115 points in t\xe2\x80\xa6'
2021-05-06 05:55:36,b'yogpawar',b'RT @chesscom_in: Samay Raina wins the Botez Bullet Invitational \xf0\x9f\x8f\x86\n\n@ReheSamay beat several international streamers to score 115 points in t\xe2\x80\xa6'
2021-05-06 05:54:52,b'_PratikPanda',b'@itherocky @ReheSamay @alexandravbotez @itsandreabotez @chesscom BM @ReheSamay FTW \xf0\x9f\xa4\x98\xf0\x9f\x8f\xbb'
2021-05-06 05:54:27,b'shivendu_MSD07',"b'Well done @ReheSamay \nAnd the best thing is, he will use all the winning amount to buy oxygen cylinders for people\xe2\x80\xa6 https://t.co/8vvYbUWrn9'"
2021-05-06 05:53:39,b'ThIsIsTuShAaR',"b'RT @chesscom_in: Massive props to @ReheSamay, who plans to use the entire prize amount of Rs.3,00,000 to procure Oxygen Cylinders to fight\xe2\x80\xa6'"
2021-05-06 05:52:09,b'FanGirl_Neetika',"b'RT @itherocky: BREAKING!\nIndian star Samay Raina outwits several other streamers to win the Botez Bullet Invitational.\n\n@ReheSamay wins $4,\xe2\x80\xa6'"
2021-05-06 05:51:22,b'FanGirl_Neetika',b'RT @anishgiri: Amazing how one short whatsapp conversation can inspire someone so much. @ReheSamay'
2021-05-06 05:48:40,b'Harveydent3003',b'@bambootree__ @MeepMeep_14 @ReheSamay @MrLlamaSC @Northernlion @Logic301 @GM_Hess Twitch channel pe gm hess ke'
2021-05-06 05:48:26,b'ViditChessFan',"b'RT @chesscom_in: Massive props to @ReheSamay, who plans to use the entire prize amount of Rs.3,00,000 to procure Oxygen Cylinders to fight\xe2\x80\xa6'"
2021-05-06 05:48:25,b'Harveydent3003',b'@SubhadeepRay18 @MeepMeep_14 @ReheSamay @MrLlamaSC @Northernlion @Logic301 @GM_Hess Uske Twitch channel se'
2021-05-06 05:47:52,b'ViditChessFan',b'RT @chesscom_in: Samay Raina wins the Botez Bullet Invitational \xf0\x9f\x8f\x86\n\n@ReheSamay beat several international streamers to score 115 points in t\xe2\x80\xa6'
2021-05-06 05:47:32,b'ViditChessFan',b'RT @anishgiri: Amazing how one short whatsapp conversation can inspire someone so much. @ReheSamay'
2021-05-06 05:47:09,b'AngryAxomiya',b'RT @anishgiri: Amazing how one short whatsapp conversation can inspire someone so much. @ReheSamay'
2021-05-06 05:46:53,b'ViditChessFan',b'RT @ViditChessFan: @ReheSamay OP!! mazza hi aa gaya!! congratulations samay!!\xe2\x9d\xa4\xef\xb8\x8f\xe2\x9d\xa4\xef\xb8\x8f\xe2\x9d\xa4\xef\xb8\x8f\xe2\x9d\xa4\xef\xb8\x8f\xe2\x9d\xa4\xef\xb8\x8f\xe2\x9d\xa4\xef\xb8\x8f\xe2\x9d\xa4\xef\xb8\x8f\xe2\x9d\xa4\xef\xb8\x8f\xe2\x9d\xa4\xef\xb8\x8f\xe2\x9d\xa4\xef\xb8\x8f\xe2\x9d\xa4\xef\xb8\x8f The smile when he played logic and then\xe2\x80\xa6'
2021-05-06 05:46:14,b'kitaya23',"b'RT @alexandravbotez: (10/38) @ReheSamay, bullet ELO: 1606. Indian Stand Up Comedian turned chess/gaming content creator during the pandemic\xe2\x80\xa6'"
2021-05-06 05:46:08,b'NarvenkerRugved',b'@munawar0018 Bro! When are you coming back to Indore ? \xf0\x9f\xa4\xa3\xf0\x9f\xa4\xa3\n@ReheSamay\n\nhttps://t.co/SDkY5pBDNe'
2021-05-06 05:45:48,b'ViditChessFan',b'RT @alexandravbotez: Congrats to @ReheSamay for winning today! @MrLlamaSC for 2nd place and @Northernlion for 3rd place. Thank you to every\xe2\x80\xa6'
2021-05-06 05:45:34,b'Navish_achar10',b'@ReheSamay @MrLlamaSC @Northernlion @Logic301 Well played Samay'
2021-05-06 05:45:07,b'anirudhnegi11',"b""@Shashankspbh @KashyArnav @ReheSamay @MrLlamaSC @Northernlion @Logic301 Yeah that's sad but true \xf0\x9f\xa4\xa3\xf0\x9f\x98\x82"""
2021-05-06 05:43:20,b'Shashankspbh',"b""@anirudhnegi11 @KashyArnav @ReheSamay @MrLlamaSC @Northernlion @Logic301 Bro it's not tough it's impossible.\nWGM st\xe2\x80\xa6 https://t.co/B6X30IYcJ0"""
2021-05-06 05:34:31,b'VenusNarzary1',b'RT @chesscom_in: Samay Raina wins the Botez Bullet Invitational \xf0\x9f\x8f\x86\n\n@ReheSamay beat several international streamers to score 115 points in t\xe2\x80\xa6'
2021-05-06 05:29:24,b'SuprabhatNandi',b'RT @anishsadhu5: Congratulations @ReheSamay on winning! #BOTEZ #botezbulletinvitational https://t.co/t5lwgNpYES'
2021-05-06 05:29:17,b'ABC78814958',b'@alexandravbotez @ReheSamay Discord ban on losing. No Pressure But Full Presure'
2021-05-06 05:23:59,b'HarshMishra__',b'RT @alexandravbotez: Congrats to @ReheSamay for winning today! @MrLlamaSC for 2nd place and @Northernlion for 3rd place. Thank you to every\xe2\x80\xa6'
2021-05-06 05:17:14,b'IchikawaKenj1',b'RT @alexandravbotez: Congrats to @ReheSamay for winning today! @MrLlamaSC for 2nd place and @Northernlion for 3rd place. Thank you to every\xe2\x80\xa6'
2021-05-06 05:04:31,b'SyedMoh25065076',b'@anishgiri @ReheSamay How might one go about joining those whatsapp groups? ;-;'
2021-05-06 05:01:36,b'TheRealAyoosh',b'@alexandravbotez @ReheSamay  GOAT...'
2021-05-06 04:59:42,b'Bhuwantastic',b'@sentiyapaa @ReheSamay Haha i know.. i am following him since long time... Do you play chess?'
2021-05-06 04:58:40,b'sentiyapaa',"b'@Bhuwantastic @ReheSamay Nahi, won a tournament'"
2021-05-06 04:57:53,b'SSalunkhe97',"b'RT @itherocky: BREAKING!\nIndian star Samay Raina outwits several other streamers to win the Botez Bullet Invitational.\n\n@ReheSamay wins $4,\xe2\x80\xa6'"
2021-05-06 04:57:26,b'SubhadeepRay18',b'@MeepMeep_14 @ReheSamay @MrLlamaSC @Northernlion @Logic301 @GM_Hess Where I can watch the commentary ?'
2021-05-06 04:56:57,b'SSalunkhe97',b'RT @chesscom_in: Samay Raina wins the Botez Bullet Invitational \xf0\x9f\x8f\x86\n\n@ReheSamay beat several international streamers to score 115 points in t\xe2\x80\xa6'
2021-05-06 04:54:57,b'i_rahul_chauhan',"b'RT @alexandravbotez: (10/38) @ReheSamay, bullet ELO: 1606. Indian Stand Up Comedian turned chess/gaming content creator during the pandemic\xe2\x80\xa6'"
2021-05-06 04:54:39,b'lilstan__',b'RT @alexandravbotez: Congrats to @ReheSamay for winning today! @MrLlamaSC for 2nd place and @Northernlion for 3rd place. Thank you to every\xe2\x80\xa6'
2021-05-06 04:50:31,b'AmKaushalkishor',b'RT @alexandravbotez: Congrats to @ReheSamay for winning today! @MrLlamaSC for 2nd place and @Northernlion for 3rd place. Thank you to every\xe2\x80\xa6'
2021-05-06 04:50:05,b'Aryanarya1312',"b'RT @KiloBatmaan: @alexandravbotez @ReheSamay @MrLlamaSC @Northernlion @chesscom What game play, What Skills.\nHe plays so well when time is\xe2\x80\xa6'"
2021-05-06 04:49:50,b'Syn3rman',b'@KrishnaGulati11 @anishgiri @ReheSamay @MagnusCarlsen That would be Ludwig lol'
2021-05-06 04:47:53,b'Aryanarya1312',b'RT @MrLlamaSC: @ReheSamay @Northernlion @Logic301 You played amazingly! Our games were super fun. Race to 2000?'
2021-05-06 04:47:02,b'Aryanarya1312',"b'RT @itherocky: Samay, You Legend! \xf0\x9f\x99\x8c\xf0\x9f\x8f\xbb\n\n@ReheSamay will be donating his first prize of $4000 of the #BotezBullet Invitational to buy Oxygen C\xe2\x80\xa6'"
2021-05-06 04:46:50,b'Aryanarya1312',"b'RT @itherocky: BREAKING!\nIndian star Samay Raina outwits several other streamers to win the Botez Bullet Invitational.\n\n@ReheSamay wins $4,\xe2\x80\xa6'"
2021-05-06 04:44:39,b'Aryanarya1312',b'RT @alexandravbotez: Congrats to @ReheSamay for winning today! @MrLlamaSC for 2nd place and @Northernlion for 3rd place. Thank you to every\xe2\x80\xa6'
2021-05-06 04:38:44,b'ViditChessFan',b'RT @ReheSamay: Thank you so much for inviting me! It was so much fun!! Congratulations @MrLlamaSC @Northernlion and everyone. Felt incredib\xe2\x80\xa6'
2021-05-06 04:38:35,b'oyeanmol',b'@ReheSamay supreme leader we deserve \xe2\x9d\xa4\xef\xb8\x8f\xf0\x9f\xa4\xab https://t.co/5IP7R9PU36'
2021-05-06 04:38:13,b'AmKaushalkishor',b'@ReheSamay @MrLlamaSC @Northernlion @Logic301 Overtaking chess content in india @effort moves'
2021-05-06 04:36:55,b'Ssingh_84',b'RT @ReheSamay: Thank you so much for inviting me! It was so much fun!! Congratulations @MrLlamaSC @Northernlion and everyone. Felt incredib\xe2\x80\xa6'
2021-05-06 04:35:17,b'AsylumDynamite',b'RT @alexandravbotez: Congrats to @ReheSamay for winning today! @MrLlamaSC for 2nd place and @Northernlion for 3rd place. Thank you to every\xe2\x80\xa6'
2021-05-06 04:35:17,b'aniketad88',b'RT @GothamChess: @ReheSamay Ethereum is the future'
2021-05-06 04:31:27,b'ShresthPrasad6',b'RT @alexandravbotez: Congrats to @ReheSamay for winning today! @MrLlamaSC for 2nd place and @Northernlion for 3rd place. Thank you to every\xe2\x80\xa6'
2021-05-06 04:28:39,b'13saiteja',b'RT @ReheSamay: Thank you so much for inviting me! It was so much fun!! Congratulations @MrLlamaSC @Northernlion and everyone. Felt incredib\xe2\x80\xa6'
2021-05-06 04:28:33,b'KK65638111',b'@chesscom_in @ReheSamay @alexandravbotez @aicfchess @ChesscomNews @ChessKazakh Sagar Shah Proud Student'
2021-05-06 04:23:08,b't_wels_',b'RT @alexandravbotez: Congrats to @ReheSamay for winning today! @MrLlamaSC for 2nd place and @Northernlion for 3rd place. Thank you to every\xe2\x80\xa6'
2021-05-06 04:21:15,b'punenigma31',b'RT @ReheSamay: Thank you so much for inviting me! It was so much fun!! Congratulations @MrLlamaSC @Northernlion and everyone. Felt incredib\xe2\x80\xa6'
2021-05-06 04:21:04,b'shreyasvkz',"b'RT @alexandravbotez: (10/38) @ReheSamay, bullet ELO: 1606. Indian Stand Up Comedian turned chess/gaming content creator during the pandemic\xe2\x80\xa6'"
2021-05-06 04:20:53,b'Ag4711433420',b'RT @alexandravbotez: Congrats to @ReheSamay for winning today! @MrLlamaSC for 2nd place and @Northernlion for 3rd place. Thank you to every\xe2\x80\xa6'
2021-05-06 04:20:19,b'RachitTandon12',b'@headingley_135 @ReheSamay He is og'
2021-05-06 04:20:09,b'Shreyas_patil23',b'@ReheSamay @MrLlamaSC @Northernlion @Logic301 Supreme leader OP !!!'
2021-05-06 04:18:03,b'Harsh89842546',b'RT @alexandravbotez: Congrats to @ReheSamay for winning today! @MrLlamaSC for 2nd place and @Northernlion for 3rd place. Thank you to every\xe2\x80\xa6'
2021-05-06 04:16:27,b'headingley_135',b'Supreme samay \xf0\x9f\xa5\xb3\n@ReheSamay https://t.co/2EkGZanJW2'
2021-05-06 04:13:53,b'pa_daily1',b'@ReheSamay @ReheSamay XRP UP 20% SINCE THIS tweet and adanup 15% \xf0\x9f\x98\x8c'
2021-05-06 04:05:33,b'Devraj935',b'RT @ReheSamay: Thank you so much for inviting me! It was so much fun!! Congratulations @MrLlamaSC @Northernlion and everyone. Felt incredib\xe2\x80\xa6'
2021-05-06 04:04:32,b'JimilDigaswala',b'RT @alexandravbotez: Congrats to @ReheSamay for winning today! @MrLlamaSC for 2nd place and @Northernlion for 3rd place. Thank you to every\xe2\x80\xa6'
2021-05-06 04:03:20,b'AlankritGoel1',b'@anishgiri @ReheSamay Proud Father Moment for AG! \xe2\x9d\xa4\xef\xb8\x8f'
2021-05-06 04:01:39,b'kdbisgod',"b""@ReheSamay @MrLlamaSC @Northernlion @Logic301 We are witnessing samay's journey from BM to IM. Supreme leader OP\xf0\x9f\x98\xad\xf0\x9f\x98\xad"""
2021-05-06 03:59:09,b'Devraj935',b'RT @anishgiri: Amazing how one short whatsapp conversation can inspire someone so much. @ReheSamay'
2021-05-06 03:56:05,b'headingley_135',b'@ftw_garlic @chesscom @StraightCut_ @ReheSamay Pro player?'
2021-05-06 03:53:20,b'PaulAvijan',"b""@KashyArnav @anirudhnegi11 @ReheSamay @MrLlamaSC @Northernlion @Logic301 Women's grand Master \xf0\x9f\x99\x84"""
2021-05-06 03:53:03,b'KaranAg29817522',b'@ReheSamay @MrLlamaSC @Northernlion @Logic301 Samay op'
2021-05-06 03:51:11,b'BernardBihari',b'RT @alexandravbotez: Congrats to @ReheSamay for winning today! @MrLlamaSC for 2nd place and @Northernlion for 3rd place. Thank you to every\xe2\x80\xa6'
2021-05-06 03:50:22,b'Himanshu1201199',b'Congratulation to samay raina for winning botez bullet tournament\xf0\x9f\x8e\x89\xf0\x9f\x8e\x89\xf0\x9f\x8e\x89\xf0\x9f\x94\xa5 @ReheSamay @alexandravbotez @itsandreabotez\xe2\x80\xa6 https://t.co/T5J5WKPNN3'
2021-05-06 03:49:21,b'ftw_garlic',b'@headingley_135 @chesscom @StraightCut_ @ReheSamay Wanna play?'
2021-05-06 03:47:53,b'kdsingh40058759',b'RT @ReheSamay: Thank you so much for inviting me! It was so much fun!! Congratulations @MrLlamaSC @Northernlion and everyone. Felt incredib\xe2\x80\xa6'
2021-05-06 03:45:02,b'Abhi1809Thakur',b'RT @ReheSamay: Thank you so much for inviting me! It was so much fun!! Congratulations @MrLlamaSC @Northernlion and everyone. Felt incredib\xe2\x80\xa6'
2021-05-06 03:41:12,b'ChessKazakh',b'RT @alexandravbotez: Congrats to @ReheSamay for winning today! @MrLlamaSC for 2nd place and @Northernlion for 3rd place. Thank you to every\xe2\x80\xa6'
2021-05-06 03:27:25,b'ChessForNoob1',b'RT @anishgiri: Amazing how one short whatsapp conversation can inspire someone so much. @ReheSamay'
2021-05-06 03:26:58,b'headingley_135',b'@chesscom @StraightCut_ @ReheSamay Teach me chess too\xf0\x9f\x98\xa9'
2021-05-06 03:24:04,b'Strawberrybmf3',"b'RT @itherocky: BREAKING!\nIndian star Samay Raina outwits several other streamers to win the Botez Bullet Invitational.\n\n@ReheSamay wins $4,\xe2\x80\xa6'"
2021-05-06 03:23:35,b'Asinghhackerzz',"b'@ReheSamay Ye photo Facebook pr mat lgaana, fir remove krdenge ye keh kar - ""This post doesn\'t follow our community standards""'"
2021-05-06 03:13:36,b'ChessKazakh',b'RT @chesscom_in: Samay Raina wins the Botez Bullet Invitational \xf0\x9f\x8f\x86\n\n@ReheSamay beat several international streamers to score 115 points in t\xe2\x80\xa6'
2021-05-06 03:10:56,b'itsmeeeadi',b'RT @anishgiri: Amazing how one short whatsapp conversation can inspire someone so much. @ReheSamay'
2021-05-06 03:08:12,b'kunal3108',"b'RT @itherocky: Samay, You Legend! \xf0\x9f\x99\x8c\xf0\x9f\x8f\xbb\n\n@ReheSamay will be donating his first prize of $4000 of the #BotezBullet Invitational to buy Oxygen C\xe2\x80\xa6'"
2021-05-06 03:01:37,b'itsmeeeadi',b'RT @ReheSamay: Thank you so much for inviting me! It was so much fun!! Congratulations @MrLlamaSC @Northernlion and everyone. Felt incredib\xe2\x80\xa6'
2021-05-06 02:59:35,b'hulsoormahi',b'RT @alexandravbotez: Congrats to @ReheSamay for winning today! @MrLlamaSC for 2nd place and @Northernlion for 3rd place. Thank you to every\xe2\x80\xa6'
2021-05-06 02:59:27,b'SaiKart51688523',b'RT @ReheSamay: Thank you so much for inviting me! It was so much fun!! Congratulations @MrLlamaSC @Northernlion and everyone. Felt incredib\xe2\x80\xa6'
2021-05-06 02:58:04,b'ViragTheGreat',b'RT @alexandravbotez: Congrats to @ReheSamay for winning today! @MrLlamaSC for 2nd place and @Northernlion for 3rd place. Thank you to every\xe2\x80\xa6'
2021-05-06 02:56:16,b'PrakritiJain15',b'RT @anishgiri: Amazing how one short whatsapp conversation can inspire someone so much. @ReheSamay'
2021-05-06 02:55:32,b'shraddha_x',"b'RT @chesscom_in: Massive props to @ReheSamay, who plans to use the entire prize amount of Rs.3,00,000 to procure Oxygen Cylinders to fight\xe2\x80\xa6'"
2021-05-06 02:55:31,b'Thetrut98646969',b'RT @Thetrut98646969: @republic Not a single news against Modi. Are you all in modi ki godi? @AllIndiaBakchod @RanaAyyub @ReheSamay @rameshs\xe2\x80\xa6'
2021-05-06 02:53:51,b'Thetrut98646969',b'@republic Not a single news against Modi. Are you all in modi ki godi? @AllIndiaBakchod @RanaAyyub @ReheSamay\xe2\x80\xa6 https://t.co/9ZEhiY7KKo'
2021-05-06 02:52:53,b'thechitrakaar',b'RT @anishgiri: Amazing how one short whatsapp conversation can inspire someone so much. @ReheSamay'
2021-05-06 02:51:58,b'thechitrakaar',"b""RT @thesmokemusic: Just saw @ReheSamay and Rohan Cariappa's reaction on Smoke vs EMF, shit is crazy! Appreciate the effort bros\xf0\x9f\x92\xaf\xf0\x9f\x99\x8c\xf0\x9f\x8f\xbd"""
2021-05-06 02:51:16,b'GambitGirl01',b'@ReheSamay @MrLlamaSC @Northernlion @Logic301 Congratulations \xe2\x99\xa5\xef\xb8\x8f\xe2\x99\xa5\xef\xb8\x8f\xe2\x99\xa5\xef\xb8\x8f\xe2\x99\xa5\xef\xb8\x8f\xf0\x9f\xa5\xb3\xf0\x9f\xa5\xb3\xf0\x9f\xa5\xb3 https://t.co/VmKWczUX7R'
2021-05-06 02:50:59,b'up_in_the_air_9',b'RT @alexandravbotez: Congrats to @ReheSamay for winning today! @MrLlamaSC for 2nd place and @Northernlion for 3rd place. Thank you to every\xe2\x80\xa6'
2021-05-06 02:49:02,b'chaidespande',b'RT @alexandravbotez: Congrats to @ReheSamay for winning today! @MrLlamaSC for 2nd place and @Northernlion for 3rd place. Thank you to every\xe2\x80\xa6'
2021-05-06 02:47:52,b'SSalunkhe97',b'RT @alexandravbotez: Congrats to @ReheSamay for winning today! @MrLlamaSC for 2nd place and @Northernlion for 3rd place. Thank you to every\xe2\x80\xa6'
2021-05-06 02:47:11,b'SSalunkhe97',"b""RT @thesmokemusic: Just saw @ReheSamay and Rohan Cariappa's reaction on Smoke vs EMF, shit is crazy! Appreciate the effort bros\xf0\x9f\x92\xaf\xf0\x9f\x99\x8c\xf0\x9f\x8f\xbd"""
2021-05-06 02:46:45,b'SSalunkhe97',b'RT @anishgiri: Amazing how one short whatsapp conversation can inspire someone so much. @ReheSamay'
2021-05-06 02:45:33,b'sankalpkuram',b'RT @chesscom_in: Samay Raina wins the Botez Bullet Invitational \xf0\x9f\x8f\x86\n\n@ReheSamay beat several international streamers to score 115 points in t\xe2\x80\xa6'
2021-05-06 02:42:07,b'AbhyudayChatur2',b'RT @alexandravbotez: Congrats to @ReheSamay for winning today! @MrLlamaSC for 2nd place and @Northernlion for 3rd place. Thank you to every\xe2\x80\xa6'
2021-05-06 02:40:44,b'mahan_aatma',b'RT @ReheSamay: Thank you so much for inviting me! It was so much fun!! Congratulations @MrLlamaSC @Northernlion and everyone. Felt incredib\xe2\x80\xa6'
2021-05-06 02:39:18,b'KiloBatmaan',"b'@alexandravbotez @ReheSamay @MrLlamaSC @Northernlion @chesscom What game play, What Skills.\nHe plays so well when t\xe2\x80\xa6 https://t.co/ruWOI5gNBc'"
2021-05-06 02:37:01,b'Etsh_7asheish',b'RT @anishgiri: Amazing how one short whatsapp conversation can inspire someone so much. @ReheSamay'
2021-05-06 02:34:10,b'anirudhnegi11',"b""@KashyArnav @ReheSamay @MrLlamaSC @Northernlion @Logic301 That's little tough...coz for that he should only do ches\xe2\x80\xa6 https://t.co/wLdwoU0tVu"""
2021-05-06 02:31:42,b'ChodhaNakul',b'RT @MrLlamaSC: @ReheSamay @Northernlion @Logic301 You played amazingly! Our games were super fun. Race to 2000?'
2021-05-06 02:29:40,b'bibhuti368',b'Official lyrics video #AlfredsTheme\n\n@ReheSamay\nhttps://t.co/jHH6rKejVM'
2021-05-06 02:22:36,b'_siddharth1904',b'@ReheSamay @MrLlamaSC @Northernlion @Logic301 2000 incoming \xf0\x9f\x94\xa5\xf0\x9f\x94\xa5\xf0\x9f\x94\xa5'
2021-05-06 02:20:23,b'KiloBatmaan',b'@alexandravbotez @ReheSamay @MrLlamaSC @Northernlion @chesscom Toddler with 29 Wins WoW. youngest GM incoming'
2021-05-06 02:18:40,b'Mukesh_yyadav',b'RT @alexandravbotez: Congrats to @ReheSamay for winning today! @MrLlamaSC for 2nd place and @Northernlion for 3rd place. Thank you to every\xe2\x80\xa6'
2021-05-06 02:18:15,b'linkesh_m',b'Hearty congratulations @ReheSamay'
2021-05-06 02:16:39,b'linkesh_m',b'@itherocky @chesscom_in @ReheSamay @alexandravbotez @itsandreabotez @chesscom Hearty congratulations'
2021-05-06 02:14:40,b'HakamuraNikaru',b'@Akanksha__garg @chesscom_in @ReheSamay @alexandravbotez @aicfchess @ChesscomNews @ChessKazakh Yes. Hess and Nemo h\xe2\x80\xa6 https://t.co/x4VH9M2lfb'
2021-05-06 02:13:12,b'KashyArnav',b'@anirudhnegi11 @ReheSamay @MrLlamaSC @Northernlion @Logic301 The aim will always be WGM Samaya Raina'
2021-05-06 02:12:48,b'rahulharrysrk',b'@MrLlamaSC @ReheSamay @Northernlion @Logic301 Yes and in the end let a match like world championship happen @ChessbaseIndia @alexandravbotez'
2021-05-06 02:12:07,b'rahulharrysrk',b'RT @MrLlamaSC: @ReheSamay @Northernlion @Logic301 You played amazingly! Our games were super fun. Race to 2000?'
2021-05-06 02:10:00,b'MeepMeep_14',"b""@ReheSamay @MrLlamaSC @Northernlion @Logic301 Samay you have to watch @GM_Hess commentary on your games. He couldn'\xe2\x80\xa6 https://t.co/mems9SpOUp"""
2021-05-06 02:05:50,b'MrLlamaSC',b'@ReheSamay @Northernlion @Logic301 You played amazingly! Our games were super fun. Race to 2000?'
2021-05-06 02:02:29,b'AngryAxomiya',b'@ReheSamay @MrLlamaSC @Northernlion @Logic301 You are a legend bro.. please play seriously and reach 2000'
2021-05-06 02:01:04,b'SHINEYAGGARWAL',b'RT @alexandravbotez: Congrats to @ReheSamay for winning today! @MrLlamaSC for 2nd place and @Northernlion for 3rd place. Thank you to every\xe2\x80\xa6'
2021-05-06 02:00:02,b'anirudhnegi11',"b""@ReheSamay @MrLlamaSC @Northernlion @Logic301 After watching yesterday's stream, now we can expect at least IM SAMA\xe2\x80\xa6 https://t.co/yuqQox4VNb"""
2021-05-06 01:53:47,b'kdsingh40058759',"b'RT @chesscom_in: Massive props to @ReheSamay, who plans to use the entire prize amount of Rs.3,00,000 to procure Oxygen Cylinders to fight\xe2\x80\xa6'"
2021-05-06 01:51:15,b'kdsingh40058759',b'RT @chesscom_in: Samay Raina wins the Botez Bullet Invitational \xf0\x9f\x8f\x86\n\n@ReheSamay beat several international streamers to score 115 points in t\xe2\x80\xa6'
2021-05-06 01:47:00,b'kdsingh40058759',"b'RT @itherocky: BREAKING!\nIndian star Samay Raina outwits several other streamers to win the Botez Bullet Invitational.\n\n@ReheSamay wins $4,\xe2\x80\xa6'"
2021-05-06 01:29:53,b'mahan_aatma',b'RT @alexandravbotez: Congrats to @ReheSamay for winning today! @MrLlamaSC for 2nd place and @Northernlion for 3rd place. Thank you to every\xe2\x80\xa6'
2021-05-06 01:26:41,b'kdsingh40058759',b'RT @anishgiri: Amazing how one short whatsapp conversation can inspire someone so much. @ReheSamay'
2021-05-06 01:26:25,b'kdsingh40058759',"b""RT @chesscom: \xe2\x99\x94 Congrats to @ReheSamay who just won #BotezBullet with a score of 115! \xf0\x9f\x91\x8f\n\nHe's going home with $4,000!"""
2021-05-06 01:25:49,b'Jesseontheleft',b'@aConchobarToo @PolarSquare_ @alexandravbotez @ReheSamay @MrLlamaSC @Northernlion @chesscom Oh I remember \xf0\x9f\xa4\xa3'
2021-05-06 01:23:55,b'aConchobarToo',b'@Jesseontheleft @PolarSquare_ @alexandravbotez @ReheSamay @MrLlamaSC @Northernlion @chesscom They actually had to a\xe2\x80\xa6 https://t.co/NTS85LtjfU'
2021-05-06 01:14:53,b'NitsRajput7',b'@alexandravbotez @ReheSamay @MrLlamaSC @Northernlion @chesscom Congrats to all!!  \n@ReheSamay  Donating  the prize\xe2\x80\xa6 https://t.co/wkw8rxzjfq'
2021-05-06 01:09:54,b'YouTubeToilet',b'RT @anishgiri: Amazing how one short whatsapp conversation can inspire someone so much. @ReheSamay'
2021-05-06 01:08:12,b'AbhiKishoreV1',"b""@ReheSamay Someone's loaded. I see"""
2021-05-06 01:00:30,b'AbdullahArif91',b'RT @alexandravbotez: Congrats to @ReheSamay for winning today! @MrLlamaSC for 2nd place and @Northernlion for 3rd place. Thank you to every\xe2\x80\xa6'
2021-05-06 00:39:07,b'wason_divyam',b'RT @chesscom_in: Samay Raina wins the Botez Bullet Invitational \xf0\x9f\x8f\x86\n\n@ReheSamay beat several international streamers to score 115 points in t\xe2\x80\xa6'
2021-05-06 00:31:09,b'rahulharrysrk',b'RT @alexandravbotez: Congrats to @ReheSamay for winning today! @MrLlamaSC for 2nd place and @Northernlion for 3rd place. Thank you to every\xe2\x80\xa6'
2021-05-06 00:21:57,b'Athos_Jesus',"b'@alexandravbotez @ReheSamay @MrLlamaSC @Northernlion @chesscom Well done Ryan, he got hus revenge against Voyboy'"
2021-05-06 00:17:01,b'DeaconStJon',b'@ReheSamay Samay played like Amir in Lagaan ! No teen goona lagaan.'
2021-05-06 00:02:24,b'talfromnepal',"b'RT @itherocky: Samay, You Legend! \xf0\x9f\x99\x8c\xf0\x9f\x8f\xbb\n\n@ReheSamay will be donating his first prize of $4000 of the #BotezBullet Invitational to buy Oxygen C\xe2\x80\xa6'"
2021-05-05 23:51:02,b'rahulharrysrk',b'@GothamChess Brother @ReheSamay coming to add you to his list...its not like you won bullet Im not a GM or anything...'
2021-05-05 23:48:02,b'ryno39781',b'@alexandravbotez @ReheSamay @MrLlamaSC @Northernlion @chesscom It was a blast to watch \xe2\x9d\xa4\xef\xb8\x8f'
2021-05-05 23:45:06,b'Gmasterg4',b'@alexandravbotez @ReheSamay @MrLlamaSC @Northernlion @chesscom An awesome tournament and a fantastic job by @wolfabelle! Congrats to all!'
2021-05-05 23:44:41,b'samay_viditian',b'RT @dskulkarni96: @ReheSamay  using this prize money ($4000) for Charity as well!!!!!\n\nKya hi banda hai yaar\n\nJust too good!!... \xf0\x9f\x98\x98\xf0\x9f\x98\x98\xf0\x9f\x91\x8c\xf0\x9f\x8f\xbc\xf0\x9f\x99\x8c\xf0\x9f\x8f\xbc\n\n#S\xe2\x80\xa6'
2021-05-05 23:44:23,b'samay_viditian',"b'RT @chesscom_in: Massive props to @ReheSamay, who plans to use the entire prize amount of Rs.3,00,000 to procure Oxygen Cylinders to fight\xe2\x80\xa6'"
2021-05-05 23:43:51,b'gg41414141',b'@alexandravbotez @ReheSamay @MrLlamaSC @Northernlion @chesscom Can of cornnnn'
2021-05-05 23:41:29,b'samay_viditian',b'@ReheSamay Congratulations\n\xf0\x9f\x92\x83\xf0\x9f\x8f\xbb\xf0\x9f\xa5\xba\xe2\x9d\xa4\xef\xb8\x8f\n\nDomination \xf0\x9f\x99\x8c\xf0\x9f\x94\xa5 https://t.co/IlcEgN3atc'
2021-05-05 23:40:15,b'catchakhilesh',"b'RT @itherocky: BREAKING!\nIndian star Samay Raina outwits several other streamers to win the Botez Bullet Invitational.\n\n@ReheSamay wins $4,\xe2\x80\xa6'"
2021-05-05 23:40:03,b'samay_viditian',"b'RT @itherocky: BREAKING!\nIndian star Samay Raina outwits several other streamers to win the Botez Bullet Invitational.\n\n@ReheSamay wins $4,\xe2\x80\xa6'"
2021-05-05 23:39:58,b'samay_viditian',"b'RT @itherocky: Samay, You Legend! \xf0\x9f\x99\x8c\xf0\x9f\x8f\xbb\n\n@ReheSamay will be donating his first prize of $4000 of the #BotezBullet Invitational to buy Oxygen C\xe2\x80\xa6'"
2021-05-05 23:39:51,b'samay_viditian',"b'RT @notuniversalmod: Petition to @chesscom to change @ReheSamay \'s title from ""Blunder master"" to ""Supreme Leader"" https://t.co/YFMCh6FgMq'"
2021-05-05 23:39:33,b'samay_viditian',b'RT @anishgiri: Amazing how one short whatsapp conversation can inspire someone so much. @ReheSamay'
2021-05-05 23:39:00,b'samay_viditian',b'RT @alexandravbotez: Congrats to @ReheSamay for winning today! @MrLlamaSC for 2nd place and @Northernlion for 3rd place. Thank you to every\xe2\x80\xa6'
2021-05-05 23:38:27,b'Jesseontheleft',b'@PolarSquare_ @alexandravbotez @ReheSamay @MrLlamaSC @Northernlion @chesscom Not surprising. Have you heard about h\xe2\x80\xa6 https://t.co/UVJPdIkgVY'
2021-05-05 23:37:50,b'ferrer_lautaro',b'@alexandravbotez @ReheSamay @MrLlamaSC @Northernlion @chesscom Yeah babyy 3rd place in chess babyy fricck yeah'
2021-05-05 23:37:20,b'Jesseontheleft',b'@Gautaugau @alexandravbotez @ReheSamay @MrLlamaSC @Northernlion @chesscom Thank you for preserving this moment in time for me'
2021-05-05 23:32:59,b'PolarSquare_',b'@Jesseontheleft @alexandravbotez @ReheSamay @MrLlamaSC @Northernlion @chesscom 29 people lost to a literal baby bro'
2021-05-05 23:32:33,b'spoder4k',b'@ReheSamay does GME count'
2021-05-05 23:30:15,b'Yondaime_JG',b'@alexandravbotez @ReheSamay @MrLlamaSC @Northernlion @chesscom CAN OF CORN BAYBEEEE'
2021-05-05 23:23:41,b'DanielRensch',"b""RT @chesscom: \xe2\x99\x94 Congrats to @ReheSamay who just won #BotezBullet with a score of 115! \xf0\x9f\x91\x8f\n\nHe's going home with $4,000!"""
